id,location,latitude,longitude,city,state,county,zip,street,reported_count,url,title,date
4cc550ce-f392-46a2-a3d0-d1a7e80cbd60,,34.0522,-118.2437,Los Angeles,California,Unknown,,,1,https://www.theguardian.com/sport/2025/jun/21/los-angeles-dodgers-ice-raids,Los Angeles Dodgers donate $1m to families affected by Ice raids,2025-06-21
a0bf8a0b-cbaf-4990-b125-64986bd1da61,,34.0522,-118.2437,Los Angeles,California,Unknown,,,1,https://theintercept.com/2025/06/21/los-angeles-ice-raids-immigrants-organizing/,Community Defense Groups Take the Last Stand Against ICE in LA,2025-06-21
a8125475-f741-4934-9098-f9f8cc13fd5a,,34.0522,-118.2437,Los Angeles,California,Unknown,,,1,https://www.theguardian.com/us-news/2025/jun/21/los-angeles-ice-immigration-raids-impact,"As Ice infiltrates LA, neighborhoods fall quiet: ‘We can’t even go out for a walk’",2025-06-21
92f0fb14-f029-406d-96eb-57c2960cca4e,,40.7357,-74.1724,Newark,New Jersey,Unknown,,,1,https://www.vanityfair.com/news/story/mahmoud-khalil-returns-home-after-judge-orders-release-from-ice-custody-in-louisiana,Mahmoud Khalil Returns Home After Judge Orders Release From ICE Custody in Louisiana,2025-06-21
e95ae5bf-7448-4302-9f6c-c34dbd2d883b,,34.1478,-118.1445,Pasadena,California,Unknown,,,1,https://www.ocregister.com/2025/06/21/pasadena-cancels-parks-activities-today-on-reports-of-federal-immigration-activity/,Pasadena cancels parks activities today on reports of federal immigration actions,2025-06-21
22f5c385-dfab-4517-92fb-3ec4ff385080,,33.749,-84.388,Atlanta,Georgia,Unknown,,,1,https://www.ajc.com/news/2025/06/what-to-know-about-activist-mahmoud-khalil-and-his-release-from-immigration-detention/,What to know about activist Mahmoud Khalil and his release from immigration detention,2025-06-21
2607dfce-19d7-43db-a0e7-c385ce8e057b,,34.0522,-118.2437,Los Angeles,California,Unknown,,,1,https://www.inquisitr.com/dodgers-boldly-deny-entry-to-ice-agents-at-stadium-then-make-big-announcement-for-immigrants,Dodgers Boldly Deny Entry to ICE Agents at Stadium — Then Make Big Announcement for Immigrants,2025-06-21
89bd97f1-5be9-4582-9737-c72f1fee46a0,,40.7608,-111.891,Salt Lake City,Utah,Unknown,,,1,https://www.newsweek.com/utah-no-kings-protest-update-man-released-shooting-probe-2088792,"Utah ""No Kings"" protest update: Man released in shooting probe",2025-06-21
61912ed9-a135-44fc-9f66-c9f45a1f7065,,40.7128,-74.006,New York City,New York,Unknown,,,1,https://www.theatlantic.com/ideas/archive/2025/06/brad-lander-ice-protests/683241/?utm_source=feed,Brad Lander's Stand,2025-06-21
af1b1084-d8d0-4eba-adca-783a27405194,,33.9401,-118.1332,Downey,California,Unknown,,,1,https://www.newsday.com/news/nation/immigration-raids-arrests-ice-los-angeles-a70341,Many Americans are witnessing immigration arrests for the first time and reacting,2025-06-21
29a21e15-362c-4b3b-aabe-cab5047a1a9f,,40.7128,-74.006,New York City,,Unknown,,,1,https://www.usatoday.com/story/opinion/columnist/2025/06/21/democrats-lander-padilla-arrested-ice/84262741007/,ICE arrested Brad Lander. Democrats should follow his lead,2025-06-21
2b8b7ad0-882f-47ed-8a52-d6382b087928,Wilshire Federal Building,34.0566568,-118.448893,Los Angeles,CA,Unknown,90024.0,Wilshire Federal Building,1,https://www.newsday.com/long-island/politics/jd-vance-los-angeles-immigration-raids-trump-e37432,Vance blames California Dems for violent immigration protests and calls Sen. Alex Padilla 'Jose',2025-06-21
b6d60a4c-a02e-4346-9730-43fa6a0b817f,,39.7392,-104.9903,Denver,Colorado,Unknown,,,1,https://redstate.com/wardclark/2025/06/21/shamful-anti-ice-activists-help-wanted-criminal-escape-arrest-n2190731,Shameful: Anti-ICE Activists Help Wanted Criminal Escape Arrest,2025-06-21
ccde2a99-f2ff-4bc4-ab9f-c5d52433e507,,34.0522,-118.2437,Los Angeles,,Unknown,,,1,https://www.msnbc.com/the-weekend/watch/-he-knows-my-name-sen-alex-padilla-reacts-to-jd-vance-calling-him-jose-during-la-visit-242029637991,'He knows my name': Sen. Alex Padilla reacts to JD Vance calling him 'José' during LA visit,2025-06-21
a2e7cb99-a218-4cde-a6ea-220a8c087661,,34.0522,-118.2437,Los Angeles,California,Unknown,,,1,https://www.motherjones.com/politics/2025/06/los-angeles-immigration-ice-empty-hiding/,"As ICE raids continue, parts of Los Angeles go empty",2025-06-21
c9c5bd30-6074-4d7a-9863-d8842324caa1,,42.3314,-83.0458,Detroit,Michigan,Unknown,,,1,https://www.freep.com/story/news/local/michigan/detroit/2025/06/20/detroit-student-western-high-school-colombia-immigration-deported-border-patrol/84250740007/,Detroit student arrested on school field trip deported to Colombia,2025-06-21
cf31bdde-6112-4654-bbee-befb122c423a,,34.0522,-118.2437,Los Angeles,California,Unknown,,,1,https://www.cbsnews.com/losangeles/news/immigration-crowd-smoke-pico-rivera-la/,Small crowd confronts immigration agents at L.A. County shopping center,2025-06-21
68e73203-6f79-4eb4-b8cf-1d8296c7f805,,33.9401,-118.1332,Downey,California,Unknown,,,1,https://abcnews.go.com/US/wireStory/americans-witnessing-immigration-arrests-time-reacting-123065570,Many Americans are witnessing immigration arrests for the first time and reacting,2025-06-21
6daa82f2-fa41-4aa0-8b3d-8136335b8c36,,41.8781,-87.6298,Chicago,Illinois,Unknown,,,1,https://www.chicagotribune.com/2025/06/21/muchos-estadounidenses-presencian-arrestos-de-inmigracin-por-primera-vez-y-se-indignan/,Muchos estadounidenses presencian arrestos de inmigración por primera vez y se indignan,2025-06-21
a267b3aa-0537-4eb1-bd24-0aee8f7fcf04,,40.7128,-74.006,New York City,New York,Unknown,,,1,https://www.upi.com/Top_News/US/2025/06/20/Mahmoud-Khaleil-released-from-ICE-dentention-after-judges-ruling/4891750465101/,Ex-Columbia student Mahmoud Khalil released from ICE detention after judge's order,2025-06-21
3367f831-edcf-4dbe-93de-c1e7df7d82a8,,33.749,-84.388,Atlanta,Georgia,Unknown,,,1,https://www.ajc.com/news/2025/06/many-americans-are-witnessing-immigration-arrests-for-the-first-time-and-reacting/,Many Americans are witnessing immigration arrests for the first time and reacting,2025-06-21
f11cf8f6-b37b-4e3f-8400-dc75e4d80904,,41.8781,-87.6298,Chicago,Illinois,Unknown,,,1,https://www.chicagotribune.com/2025/06/20/dodgers-donarn-un-milln-de-dlares-para-ayudar-a-familias-de-inmigrantes-afectadas-por-redadas/,Dodgers donarán un millón de dólares para ayudar a familias de inmigrantes afectadas por redadas,2025-06-21
b32cdaad-cd65-4422-8765-02a39edae847,,32.7157,-117.1611,San Diego,California,Unknown,,,1,https://www.sandiegouniontribune.com/2025/06/20/faith-leaders-stand-in-solidarity-with-immigrants-at-san-diego-federal-building/,Faith leaders stand in solidarity with immigrants at San Diego federal building,2025-06-21
11b0dcce-d54c-4dcc-a614-5446628cc977,,41.8781,-87.6298,Chicago,Illinois,Unknown,,,1,https://www.cbsnews.com/chicago/video/columbia-activist-mahmoud-khalil-released-from-ice-detention/,Columbia activist Mahmoud Khalil released from ICE detention,2025-06-21
bc2346b8-4436-415b-9297-a60538a964a0,,33.749,-84.388,Atlanta,Georgia,Unknown,,,1,https://www.ajc.com/news/2025/06/dodgers-announce-1-million-donation-to-aid-families-of-immigrants-affected-by-federal-raids/,Dodgers announce $1 million donation to aid families of immigrants affected by federal raids,2025-06-21
ed510fd5-95ff-4e83-a2f6-812ea6f4d603,Wilshire Federal Building,34.0566568,-118.448893,Los Angeles,CA,Unknown,90024.0,Wilshire Federal Building,1,https://abcnews.go.com/US/wireStory/vance-blames-california-dems-violent-immigration-protests-calls-123061681,Vance blames California Dems for violent immigration protests and calls Sen. Alex Padilla 'Jose',2025-06-21
2f87656d-83ca-4bcc-a67d-82817dab43d7,,34.0007,-81.0348,Columbia,Louisiana,Unknown,,,1,https://www.cbsnews.com/chicago/news/mahmoud-khalil-ordered-released-judge/,Columbia activist Mahmoud Khalil released from ICE detention in Louisiana,2025-06-21
27d7ab32-0c8d-4d2a-ba90-67f91714befb,,34.0522,-118.2437,Los Angeles,California,Unknown,,,1,https://www.thewrap.com/dodgers-donate-one-million-dollars-to-immigrant-families-ice-raids/,Dodgers Commit $1 Million to Immigrant Families Amid LA ICE Raids,2025-06-21
c577db30-1ea8-4401-9c25-d0f1addb7c85,,42.3314,-83.0458,Detroit,Michigan,Unknown,,,1,https://www.cbsnews.com/detroit/news/detroit-high-school-student-detained-ice-deported-colombia/,"Detroit high school student detained by ICE deported to Colombia, attorney says",2025-06-21
f3d62025-9e80-4518-92c4-ae9ec82c262c,,34.0522,-118.2437,Los Angeles,California,Unknown,,,1,https://www.cbsnews.com/losangeles/news/undocumented-street-vendors-ice-operations/,Undocumented street vendors decide to stay at home amid ICE operations,2025-06-21
6b772713-ddb6-4e30-8582-a3623fe0a790,,34.0522,-118.2437,Los Angeles,California,Unknown,,,1,https://www.cbsnews.com/losangeles/news/los-angeles-dodgers-donation-immigrant-families/,Los Angeles Dodgers to donate $1 million to help immigrant families impacted by ICE operations,2025-06-21
07af597f-9dad-4ac3-930c-a9fe474cb562,,40.7128,-74.006,New York,New York,Unknown,,,1,https://www.breitbart.com/politics/2025/06/20/sanctuary-state-new-york-ice-seeks-custody-of-illegal-alien-accused-of-trying-to-murder-u-s-attorney/,ICE Seeks Custody of Illegal Alien Accused of Trying to Murder U.S. Attorney,2025-06-21
b0f81b34-4895-474f-8b2e-6f5b45b90a7c,,40.7128,-74.006,New York,New York,Unknown,,,1,https://www.cbsnews.com/newyork/video/columbia-university-activist-mahmoud-khalil-freed-from-ice-custody/,Columbia University activist Mahmoud Khalil freed from ICE custody,2025-06-21
c925896f-6ef2-4e2b-a793-bf040aa35e0a,,34.0522,-118.2437,Los Angeles,,Unknown,,,1,https://www.foxnews.com/politics/jd-vance-rails-against-newsom-la-mayor-declaring-open-season-federal-law-enforcement,"JD Vance rails against Newsom, LA mayor for declaring ‘open season on federal law enforcement’",2025-06-21
5a7e1426-1ca3-41e1-875b-3b72f0fe8f58,,34.0007,-81.0348,Columbia,,Unknown,,,1,https://www.cbsnews.com/video/pro-palestinian-protester-mahmoud-khalil-released-ice-speaks-out/,"Columbia activist Mahmoud Khalil released from ICE, speaks out",2025-06-21
c5c08559-0dc8-4b32-8225-d1a70e010622,,34.0522,-118.2437,Los Angeles,California,Unknown,,,1,https://www.chicagotribune.com/2025/06/20/los-angeles-dodgers-donate-1-million-dollars-immigrants-federal-raids/,Los Angeles Dodgers donate $1 million to aid families of immigrants affected by federal raids,2025-06-21
75bc8834-9524-4826-b0ba-aef3f5bb01dd,,34.0522,-118.2437,Los Angeles,California,Unknown,,,1,https://www.espn.com/mlb/story/_/id/45553868/dodgers-commit-1m-aid-families-impacted-ice-raids,Dodgers donate $1M to families affected by raids,2025-06-21
98d7fe53-5b47-4a18-aca4-0feea2230954,,34.0522,-118.2437,Los Angeles,California,Unknown,,,1,https://www.cbsnews.com/news/los-angeles-dodgers-donation-immigrant-families/,Los Angeles Dodgers to donate $1 million to help immigrant families impacted by ICE operations,2025-06-21
efa26203-1f9e-49a6-8720-a64000a1e62f,,34.0522,-118.2437,Los Angeles,California,Unknown,,,1,https://www.dailykos.com/stories/2025/6/20/2329150/-Trump-and-his-minions-keep-lying-about-heinous-ICE-raids-caught-on-camera?pm_campaign=blog&pm_medium=rss&pm_source=main,Trump and his minions keep lying about heinous ICE raids caught on camera,2025-06-21
0cc9014c-c94b-4196-84f9-6e3abe1809e5,,33.9831,-118.0967,Pico Rivera,California,Unknown,,,1,https://www.ocregister.com/2025/06/20/pico-rivera-man-charged-with-conspiracy-to-impede-or-injure-federal-agents/,Pico Rivera man charged with conspiracy to impede or injure federal agents,2025-06-21
f5d24b8d-7559-4e11-85c5-1c2161a5e28a,,34.0522,-118.2437,Los Angeles,California,Unknown,,,1,https://www.azcentral.com/story/news/politics/immigration/2025/06/20/ice-dodger-stadium-could-happen-chase-field-arizona/84279584007/,Could ICE show up at Chase Field after Dodger Stadium?,2025-06-21
0ba21ee5-3442-4a0d-a934-532791b545d3,,37.7021,-121.9358,Dublin,California,Unknown,,,1,https://www.mercurynews.com/2025/06/20/will-fci-dublin-be-turned-into-a-migrant-detention-facility-promises-and-skepticism-abound/,"Will FCI Dublin be turned into a migrant detention facility? Promises, and skepticism, abound",2025-06-21
8bb20da7-b9a0-45b1-863f-cbc14bec908c,,34.0522,-118.2437,Los Angeles,California,Unknown,,,1,https://www.inquirer.com/wires/ap/vance-blames-california-dems-violent-immigration-protests-calls-sen-alex-padilla-jose-20250620.html,Vance blames California Dems for violent immigration protests and calls Sen. Alex Padilla 'Jose',2025-06-21
3f3b8ee9-10ee-4e15-96f3-bd7a1d32a778,,38.2975,-122.2869,Napa,California,Unknown,,,1,https://nypost.com/2025/06/20/us-news/gavin-newsom-sipped-wine-at-napa-fundraiser-while-anti-ice-protesters-plunged-l-a-into-chaos/,Gavin Newsom sipped wine at Napa fundraiser while anti-ICE protesters plunged L.A. into chaos,2025-06-21
0c8c5274-eb7a-4392-a18d-a6432563ba5c,,40.7128,-74.006,New York City,New York,Unknown,,,1,https://www.oann.com/newsroom/judge-orders-mahmoud-khalil-to-be-released-on-bail/,Judge orders Mahmoud Khalil to be released on bail,2025-06-21
8df11ff2-0964-44fc-af20-52527ce53701,,40.8448,-73.8648,Bronx,New York,Unknown,,,1,https://www.cbsnews.com/newyork/news/bronx-high-school-student-detained-ice-mom-interview/,Mother of Bronx high school student detained by ICE says family now lives in fear,2025-06-21
d8823a16-a8aa-4364-a253-62cc99745877,,40.7128,-74.006,New York,New York,Unknown,,,1,https://www.cbsnews.com/newyork/video/brad-lander-returns-to-immigration-court-after-ice-arrest/,Brad Lander returns to immigration court after ICE arrest,2025-06-21
23b92a67-154e-404c-adc2-d1e4572649ea,,40.7128,-74.006,New York,New York,Unknown,,,1,https://www.cbsnews.com/newyork/video/judge-orders-mahmoud-khalil-to-be-released-today/,Judge orders Mahmoud Khalil to be released today,2025-06-21
56e4a4dd-9ba4-430c-9329-4b08f4badf60,,40.7128,-74.006,New York,New York,Unknown,,,1,https://www.cbsnews.com/newyork/video/mom-of-nyc-student-detained-by-ice-fighting-for-sons-release/,Mom of NYC student detained by ICE fighting for son's release,2025-06-21
95c8bab0-f7ff-4b63-a032-e1f88392332d,,47.6101,-122.2015,Bellevue,,Unknown,,,1,https://omaha.com/news/local/crime-courts/article_0c98fe8f-950a-489b-bc51-92dbf86c0d76.html,"Bellevue man charged with attempted murder after putting ICE agent in chokehold, feds say",2025-06-21
785893e6-1421-48ab-9ad2-04677fda5176,,33.8366,-117.9143,Anaheim,California,Unknown,,,1,https://www.latimes.com/socal/daily-pilot/entertainment/story/2025-06-19/ice-raids-orange-county,ICE raids upend Latino life in Orange County as climate of fear spreads,2025-06-21
7ff69ea3-ed3b-4bf1-a338-94a89553d8d2,,41.2565,-95.9345,Omaha,Nebraska,Unknown,,,1,https://omaha.com/news/local/government-politics/article_edcf0893-b14b-440f-80b9-96dfa3d951d6.html,"ICE raid, National Guard, College World Series: How Omaha protests navigated risks to draw praise",2025-06-21
57bd5f64-e649-4b3c-8e35-c6de2d7df0bc,,34.0522,-118.2437,Los Angeles,California,Unknown,,,1,https://www.latimes.com/delos/newsletter/2025-06-20/dodgers-ice-raids-angel-city-protests,What the Dodgers can learn from Angel City about community,2025-06-21
573397fd-d4a6-48ef-aca8-9e2a120c126d,,34.0522,-118.2437,Los Angeles,California,Unknown,,,1,https://www.breitbart.com/immigration/2025/06/20/lawsuit-dhs-officers-accused-of-assaulting-protesters-during-l-a-immigration-raids/,Lawsuit: DHS Officers Accused of Assaulting Protesters in Los Angeles,2025-06-21
d4f96c8f-a66d-4feb-8b7b-9f161dc8db67,,39.7392,-104.9903,Denver,Colorado,Unknown,,,1,https://www.denverpost.com/2025/06/20/ice-arrest-federal-courthouse-denver-aclu/,"Man ‘violently’ arrested by ICE in Denver courthouse bathroom as young child watched, witness says",2025-06-21
1e836be6-f854-467e-942a-6517b9035bdf,,34.0522,-118.2437,Los Angeles,California,Unknown,,,1,https://www.latimes.com/sports/dodgers/story/2025-06-20/dodgers-donald-trump-dodgers-imigration-enforcement,What did bowing to Donald Trump get the Dodgers? A visit from federal agents,2025-06-21
cba6985b-b661-4233-9030-b6e771498373,,40.7128,-74.006,New York City,New York,Unknown,,,1,https://time.com/7296305/mahmoud-khalil-released/,Mahmoud Khalil Ordered Released After 3 Months of Detention,2025-06-21
2577e7b1-3495-40a9-9c1e-4229f6642a2c,,34.0522,-118.2437,Los Angeles,California,Unknown,,,1,https://www.latimes.com/california/story/2025-06-18/a-us-citizen-confronting-agents-during-a-sweep-is-arrested-as-tension-continue-to-simmer-on-la-strets,Tensions flare as agents arrest another U.S. citizen for interfering in immigration arrests,2025-06-21
345a0361-8e1a-4409-8b02-0e6ae41c34a0,,40.7128,-74.006,New York City,,Unknown,,,1,https://theintercept.com/2025/06/20/mahmoud-khalil-homeland-security-investigations-ice-surveillance/,Mahmoud Khalil Won His Freedom Despite the Best Efforts of ICE’s Intelligence Unit,2025-06-21
92ac9aa1-b149-4c47-bfde-1ef31a108fcc,,34.0522,-118.2437,Los Angeles,California,Unknown,,,1,https://people.com/l-a-dodgers-fans-shoo-ice-away-from-stadium-as-baseball-team-says-it-denied-agents-entry-11758477,L.A. Dodgers Fans Shoo ICE Away from Stadium as Baseball Team Says It Denied Agents Entry,2025-06-21
f1fa3692-e4c5-4726-a5ae-41b331372b50,,32.7157,-117.1611,San Diego,California,Unknown,,,1,https://www.sandiegouniontribune.com/2025/06/20/of-course-immigration-raids-ensnare-innocent-bystanders/,Of course immigration raids ensnare innocent bystanders,2025-06-21
5d28e3c0-74bc-4d17-831c-f70123f26387,,34.0522,-118.2437,Los Angeles,California,Unknown,,,1,https://www.sportingnews.com/mx/mlb/los-angeles-dodgers/news/los-dodgers-negaron-entrada-estadio-agentes-ice-situacion-explicada/282fdf9fad99d1f487416980,"¿Los Dodgers le negaron la entrada a su estadio a agentes de la ICE? La situación en el Dodger Stadium, explicada",2025-06-21
16dc98ae-353b-443b-a384-d0c8e7838fa9,,34.0007,-81.0348,Columbia,Louisiana,Unknown,,,1,https://www.cbsnews.com/news/mahmoud-khalil-ordered-released-judge/,Judge orders release of Columbia activist Mahmoud Khalil from ICE detention,2025-06-21
dba1d67a-ca14-4dbc-8647-71272595c3df,,34.0007,-81.0348,Columbia,,Unknown,,,1,https://www.npr.org/2025/06/20/nx-s1-5440351/judge-orders-release-of-columbia-activist-mahmoud-khalil,Judge orders release of Columbia activist Mahmoud Khalil,2025-06-21
8753194a-795c-4f7e-9ad7-814eb142ff8a,,34.0522,-118.2437,Los Angeles,California,Unknown,,,1,https://hotair.com/tree-hugging-sister/2025/06/20/that-time-when-the-dodgers-swung-at-ice-and-struck-out-n3803974,That Time When the Dodgers Swung at ICE and Struck Out UPDATE,2025-06-21
824b801b-e40e-4a25-b132-136ca95a9aa4,,34.0522,-118.2437,Los Angeles,California,Unknown,,,1,https://www.theguardian.com/us-news/2025/jun/19/jose-manuel-mojica-la-protester-charges-dropped,US drops charges against LA protester accused of assaulting officers: ‘A huge relief’,2025-06-21
0b9d0e05-0eff-4cff-9363-e7562a4d82eb,,34.0522,-118.2437,Los Angeles,California,Unknown,,,1,https://www.nytimes.com/athletic/6440594/2025/06/20/dodgers-los-angeles-immigration-community-letter/,Community leaders call on Dodgers to ‘take a public stand’ against immigration raids,2025-06-21
5eb77357-c47f-47a0-9bb6-d3ef5ea477bb,,34.0522,-118.2437,Los Angeles,California,Unknown,,,1,https://townhall.com//tipsheet/mattvespa/2025/06/20/no-the-dodgers-didnt-stop-a-bunch-of-ice-agents-everyone-calm-down-n2659131,LA Dodgers Groundout Trying to Spread This Rumor About ICE,2025-06-21
377f3038-bbd6-4bfe-b893-14cb32cd0241,,34.0522,-118.2437,Los Angeles,California,Unknown,,,1,https://abcnews.go.com/US/ice-agents-denied-entry-las-dodger-stadium-amid/story?id=123019550,Los Angeles Dodgers stop federal agents from entering stadium grounds,2025-06-21
1a6b16be-89e3-4203-9b17-db14cb24e5fe,,34.0007,-81.0348,Columbia,Louisiana,Unknown,,,1,https://www.cbsnews.com/newyork/news/mahmoud-khalil-ordered-released-judge/,Judge orders release of Columbia activist Mahmoud Khalil from ICE detention,2025-06-21
a1ad4613-ca69-4fd4-8d2d-0c11abfc7c93,,40.7128,-74.006,New York City,New York,Unknown,,,1,https://www.newsweek.com/judge-orders-trump-admin-release-mahmoud-khalil-bail-2088594,Judge orders Trump admin to release Mahmoud Khalil on bail,2025-06-21
a0ce2799-9741-4026-805f-b75e4803d415,,32.7555,-97.3308,Fort Worth,Texas,Unknown,,,1,https://www.oann.com/noticias-latinas/detienen-a-76-en-fort-worth-texas-autoridades-revelan-vinculos-con-tren-de-aragua/,"Detienen a 76 en Fort Worth, Texas; autoridades revelan vínculos con Tren de Aragua",2025-06-21
9d01eb2a-61c1-4914-a024-44cebaabc182,,34.0522,-118.2437,Los Angeles,California,Unknown,,,1,https://www.usatoday.com/story/sports/mlb/2025/06/19/dodger-stadium-ice-dhs-immigration-raids/84278879007/,Dodger Stadium is flashpoint for ICE protests after denying feds entry,2025-06-21
fbda8dc0-23c5-4669-aa4d-394740ef2d9d,,34.0522,-118.2437,Los Angeles,California,Unknown,,,1,https://www.nytimes.com/athletic/6438709/2025/06/19/dodgers-stadium-los-angeles-ice-immigration-raids/,Dodgers say they denied federal immigration officials access to Dodger Stadium parking lots,2025-06-21
85ed221f-1674-44ad-831c-8d83f4cb4eb1,,45.5152,-122.6784,Portland,,Unknown,,,1,https://www.breitbart.com/politics/2025/06/20/portland-rioters-target-federal-officers-with-fireworks-explosive/,"Portland: Rioters Target Federal Officers with Fireworks, Explosive",2025-06-21
9ea9f794-40fd-459e-9332-767e04d1e585,,34.0522,-118.2437,Los Angeles,California,Unknown,,,1,https://www.stripes.com/veterans/2025-06-18/veterans-medical-center-shut-down-la-protests-18166735.html,Veterans medical center in LA shuts down amid unrest over Trump’s immigration crackdown,2025-06-21
e66f777d-7905-4bb9-b53e-5c4fb2d46246,,34.0522,-118.2437,Los Angeles,California,Unknown,,,1,https://www.foxnews.com/us/federal-agents-thwart-mans-explosive-alleged-plot-against-officers-during-la-riots,Federal agents thwart man's explosive alleged plot against officers during LA riots,2025-06-21
7e790d5c-c0f9-4b56-b538-ec75d2f2d344,,34.0522,-118.2437,Los Angeles,California,Unknown,,,1,https://www.cnn.com/2025/06/20/sport/los-angeles-dodgers-immigration-spt,The Dodgers had been silent as Trump’s immigration crackdown roiled LA. Then federal agents arrived outside their parking lot,2025-06-21
76a315a3-00c2-49b0-9442-72834ef37337,,34.0522,-118.2437,Los Angeles,California,Unknown,,,1,https://www.cbsnews.com/losangeles/news/los-angeles-father-speaks-out-after-wife-9-year-old-child-detained-during-immigration-appointment/,"Los Angeles father speaks out after wife, 9-year-old child detained during immigration appointment",2025-06-21
daad5239-acce-4690-8e07-78a3447803ac,,34.0522,-118.2437,Los Angeles,California,Unknown,,,1,https://www.espn.com/mlb/story/_/id/45545612/dodgers-ask-federal-agents-leave-dodger-stadium-parking-lot,Dodgers ask feds to leave; team delays initiatives,2025-06-21
d7a14e12-6fbd-4f27-8214-cc836dd6b6d9,,34.0522,-118.2437,Los Angeles,California,Unknown,,,1,https://www.inquirer.com/wires/ap/federal-immigration-agents-asked-leave-dodger-stadium-parking-lot-team-says-20250619.html,"Federal immigration agents asked to leave Dodger Stadium parking lot, team says",2025-06-21
94a7ed4e-a8c3-4585-8cee-23dea78f6efa,,34.0522,-118.2437,Los Angeles,California,Unknown,,,1,https://www.bostonglobe.com/2025/06/19/nation/los-angeles-dodgers-ice/,LA Dodgers say they denied ICE agents access to their stadium grounds,2025-06-21
d3258179-c992-4c5a-99c3-b7a4b9cd698b,,45.5152,-122.6784,Portland,,Unknown,,,1,https://townhall.com//tipsheet/dmitri-bolt/2025/06/19/portland-riots-n2659104,Feds Rain Hell on Antifa Mob Outside Portland ICE Facility,2025-06-21
fbf758e6-6593-4ca0-9253-8d39e9b598df,,47.6062,-122.3321,Seattle,Washington,Unknown,,,1,https://www.seattletimes.com/nation-world/brad-lander-tried-to-escort-immigrants-facing-arrest-hes-not-alone/?utm_source=RSS&utm_medium=Referral&utm_campaign=RSS_all,Brad Lander tried to escort immigrants facing arrest. He’s not alone.,2025-06-21
9df6e511-6998-463d-abc6-294f03847ea7,,34.0522,-118.2437,Los Angeles,California,Unknown,,,1,https://www.ibtimes.com/us-immigration-agents-barred-la-dodgers-stadium-team-3776261,US Immigration Agents Barred From LA Dodgers' Stadium: Team,2025-06-21
f590a142-aee5-42ee-bc2c-041129437cb7,,32.7555,-97.3308,Fort Worth,Texas,Unknown,,,1,https://www.oann.com/newsroom/texas-fort-worth-raid-results-in-76-arrests-including-suspected-tren-de-aragua-members-287-illegal-firearms-and-nearly-50-lbs-of-narcotics/,"Texas: Fort Worth raid results in 76 arrests, including suspected Tren de Aragua members, 287 illegal firearms and nearly 50 lbs of narcotics",2025-06-21
7c87db47-2e1f-4b26-869b-5b40d92a9be1,1000 Vin Scully Avenue,34.0753923,-118.2395052,Los Angeles,CA,Unknown,90012.0,1000 Vin Scully Avenue,1,https://www.elnuevodia.com/deportes/beisbol/notas/dodgers-de-los-angeles-expulsan-a-agentes-de-ice-del-estacionamiento-de-su-estadio/,Dodgers de Los Ángeles expulsan a agentes de ICE del estacionamiento de su estadio,2025-06-21
f41635a7-6384-4752-91c3-0caab6e6d5a7,,34.0522,-118.2437,Los Angeles,California,Unknown,,,1,https://www.oann.com/newsroom/l-a-dodgers-claim-they-denied-ice-stadium-access-ice-disputes-visit-ever-occurred/,"L.A. Dodgers claim they denied ICE stadium access, ICE disputes visit ever occurred",2025-06-21
41eb37e1-b91e-4f51-8380-741572ad28ef,,34.0522,-118.2437,Los Angeles,California,Unknown,,,1,https://www.espn.com/mlb/story/_/id/45545612/dodgers-ask-ice-agents-leave-dodger-stadium-parking-lot,Dodgers ask feds to leave; team delays initiatives,2025-06-21
fec42d28-4266-443d-96c2-2622537903b9,,47.4009,-121.4905,Washington,DC,Unknown,,,1,https://www.upi.com/Top_News/US/2025/06/19/homan-raids-on-farms-hotels-continue/5571750366582/,"Homan says immigration operations to continue at farms, hotels",2025-06-21
7bea4bd4-b0e2-4d82-b085-9fc9125bf5bc,,34.0522,-118.2437,Los Angeles,California,Unknown,,,1,https://www.upi.com/Top_News/US/2025/06/19/agents-denised-access-dodger-stadium/6231750376847/,Federal immigration agents denied access to Dodger Stadium,2025-06-21
83d11f27-1a6a-460c-9257-cf812b8e4d1f,1000 Vin Scully Ave,34.073851,-118.2399583,Los Angeles,CA,Unknown,90012.0,1000 Vin Scully Ave,1,https://dailycaller.com/2025/06/19/los-angeles-dodgers-ice-agents-cbp-mlb/,"Dodgers Claim They Turned Away ICE Agents, But The Feds Proved Them To Be Full Of You Know What",2025-06-21
b2bf4a24-0a6a-432b-b9a6-432928a65711,,34.1478,-118.1445,Pasadena,California,Unknown,,,1,https://www.ocregister.com/2025/06/19/pasadena-police-investigating-ice-raid-seeking-identity-affiliation-of-man-who-pointed-gun-at-bystanders/,"Pasadena Police investigating ICE raid, seeking identity, affiliation of man who pointed gun at bystanders",2025-06-21
1a9ce5bc-0302-4ead-8a08-7263d2dda64e,,34.0522,-118.2437,Los Angeles,California,Unknown,,,1,https://www.usatoday.com/story/sports/mlb/2025/06/19/los-angeles-dodgers-stadium-ice/84277055007/,LA Dodgers say ICE was denied entry to Dodger Stadium parking lots,2025-06-21
d9f51454-f86e-42fa-aff4-6c54a9a293e1,4310 South Macadam Avenue,45.49259010000001,-122.6725904,Portland,OR,Unknown,97239.0,4310 South Macadam Avenue,1,https://www.oregonlive.com/portland/2025/06/largely-lawful-or-violently-rioting-portland-police-and-feds-split-on-nightly-ice-protest.html,‘Largely lawful’ or ‘violently’ rioting? Portland police and feds split on nightly ICE protest,2025-06-21
0e826d00-34f8-4425-b251-dcae5a53788b,,34.0522,-118.2437,Los Angeles,California,Unknown,,,1,https://www.sportingnews.com/us/mlb/los-angeles-dodgers/news/ice-denied-entry-dodger-stadium-fact-checking-mlb/282fdf9fad99d1f487416980,Was ICE denied entry to Dodger Stadium? Fact-checking claim from MLB team about government confrontation,2025-06-21
356f055d-3d35-4fb6-a8d6-046af5ede6b6,,34.0522,-118.2437,Los Angeles,California,Unknown,,,1,https://www.latimes.com/espanol/deportes/articulo/2025-06-18/tras-el-notable-silencio-de-dodgers-jaime-jarrin-kike-hernandez-y-otros-expresan-su-apoyo-a-la-comunidad-inmigrante,"Tras el notable silencio de Dodgers, Jaime Jarrín, Kike Hernández y otros expresan su apoyo a la comunidad inmigrante",2025-06-21
a6cad7a9-2eb0-459e-b772-baecd45a1b9d,,34.0522,-118.2437,Los Angeles,California,Unknown,,,1,https://www.chicagotribune.com/2025/06/19/ice-los-angeles-dodgers-stadium/,Los Angeles Dodgers say they asked ICE agents to leave stadium parking lot as protest amassed,2025-06-21
f6ad6ce9-8659-450b-a561-fb69732e7157,,34.0522,-118.2437,Los Angeles,California,Unknown,,,1,https://redstate.com/bobhoge/2025/06/19/la-dodgers-to-ice-we-wont-help-you-n2190679,(Updated) LA Dodgers to ICE: We're Not Helping You,2025-06-21
1e132be9-3afa-4c02-b58c-ac93e8d3d1a4,,34.0522,-118.2437,Los Angeles,California,Unknown,,,1,https://www.foxsports.com/stories/mlb/ice-agents-asked-leave-dodger-stadium-parking-lot-team-says,"ICE Agents Asked to Leave Dodger Stadium Parking Lot, Team Says",2025-06-21
b62fe86b-8fcc-4005-9d74-f11b3007edd4,,41.8781,-87.6298,Chicago,Illinois,Unknown,,,1,https://www.chicagotribune.com/2025/06/19/ice-raids-workers-businesses-impacted/,ICE raids and their uncertainty scare off workers and baffle businesses,2025-06-21
add04ef0-9d09-4d6b-926b-3194c2208998,,34.0522,-118.2437,Los Angeles,California,Unknown,,,1,https://www.rawstory.com/ice-arrest-2672402877/,'Never been prouder!' Dodger fans cheer as stadium blocks masked ICE agents,2025-06-21
917ef495-83ea-4246-9310-3cba7665a9a0,,34.0522,-118.2437,Los Angeles,California,Unknown,,,1,https://www.inquirer.com/wires/ap/ice-agents-asked-leave-dodger-stadium-parking-lot-team-says-20250619.html,"ICE agents asked to leave Dodger Stadium parking lot, team says",2025-06-21
216ff958-e585-4544-affa-db5cf9a7e1e4,,29.7604,-95.3698,Houston,Texas,Unknown,,,1,https://www.breitbart.com/border/2025/06/19/illegal-alien-charged-with-recording-woman-in-texas-brewery-bathroom/,Illegal Alien Charged with Recording Woman in Texas Brewery Bathroom,2025-06-21
1de4f8aa-c761-43fc-ba0f-9b290fef59c4,1000 Vin Scully Avenue,34.0753923,-118.2395052,Los Angeles,CA,Unknown,90012.0,1000 Vin Scully Avenue,1,https://www.reuters.com/sports/la-dodgers-say-they-denied-ice-agents-access-dodger-stadium-parking-lot-2025-06-19/,LA Dodgers say they denied ICE agents access to Dodger Stadium parking lot,2025-06-21
60b205bf-63d2-4198-a008-a0318ba2a1b5,,34.0522,-118.2437,Los Angeles,California,Unknown,,,1,https://www.latimes.com/california/story/2025-06-19/los-angeles-businesses-suffer-people-fearful-immigration-raids,'It’s a risk to come to work’: Terror and a touch of desperation in L.A.,2025-06-21
fcf9d7ad-b75a-4125-9df8-59778e09686a,,34.0522,-118.2437,Los Angeles,California,Unknown,,,1,https://www.npr.org/2025/06/19/nx-s1-5436988/as-ice-raids-ramp-up-in-la-questions-arise-over-the-necessity-of-military-there,"As ICE raids ramp up in LA, questions arise over the necessity of military there",2025-06-21
f76d1546-2ca5-4705-89e0-30e8a9b2712a,,34.1478,-118.1445,Pasadena,California,Unknown,,,1,https://www.latimes.com/california/story/2025-06-19/elected-officials-outraged-immigration-raid-pasadena-bus-stop,Reports of immigration raid at bus stop in Pasadena spark outrage,2025-06-21
1a35f350-e09c-481c-9b06-7c8e924e4a89,,34.0522,-118.2437,Los Angeles,California,Unknown,,,1,https://www.nbcnews.com/news/us-news/dodgers-block-ice-agents-entering-stadium-los-angeles-rcna213986,"Dodgers block ICE agents from entering stadium in Los Angeles, team says",2025-06-21
777c6d75-c867-4049-9434-1b0f4368e939,,34.0522,-118.2437,Los Angeles,California,Unknown,,,1,https://www.theguardian.com/us-news/2025/jun/19/los-angeles-ice-raids-teachers-schools,LA teachers are on the frontlines as Ice raids terrorize their students: ‘You are not alone’,2025-06-21
d67caf5d-4d61-45fc-a490-64116bb7fe55,,34.0522,-118.2437,Los Angeles,California,Unknown,,,1,https://www.theguardian.com/us-news/2025/jun/19/karen-bass-mayor-los-angeles-ice-raids,Karen Bass in hot seat as Trump targets Los Angeles – but it’s not her first crisis,2025-06-21
ff39fb2c-25cb-4d62-8123-467a6fda0f09,2717 Delta Downs Drive,30.1950801,-93.6233275,Vinton,LA,Unknown,70668.0,2717 Delta Downs Drive,1,https://abcnews.go.com/US/wireStory/ice-arrests-84-people-louisiana-racetrack-122983913,ICE arrests 84 people at Louisiana racetrack,2025-06-21
e3c9fc50-d8df-42e9-9648-5b22a337760d,,34.0522,-118.2437,Los Angeles,California,Unknown,,,1,https://www.cnn.com/2025/06/19/sport/los-angeles-dodgers-ice,"Los Angeles Dodgers deny ICE’s attempt to gain entry to Dodger Stadium grounds, source says",2025-06-21
b5a3008e-a9e9-419b-bb8a-67f9409b1e0a,,40.7128,-74.006,New York,New York,Unknown,,,1,https://www.theguardian.com/us-news/2025/jun/19/new-york-mayoral-candidate-brad-lander-interview,"New York mayoral candidate arrested by Ice: ‘Trump is looking to stoke conflict, weaponize fear’",2025-06-21
21218e88-2861-49f4-aa89-3fc6dd915505,,40.7128,-74.006,New York City,,Unknown,,,1,https://www.newsbusters.org/blogs/nb/matthew-seck/2025/06/18/msnbc-airs-nyc-comptroller-arrest-video-proceeds-blatantly-lie,"MSNBC Airs NYC Comptroller Arrest Video, Proceeds to Blatantly Lie",2025-06-21
66521a7b-3948-4e07-a661-e365ee2681fd,,34.0522,-118.2437,Los Angeles,California,Unknown,,,1,https://www.oann.com/newsroom/doj-man-charged-in-plot-to-attack-officers-with-explosives-at-l-a-protests/,DOJ: Man charged in plot to attack officers with explosives at L.A. protests,2025-06-21
81ec6346-38f3-44d4-ac85-0684b8834836,,40.7128,-74.006,New York,New York,Unknown,,,1,https://www.bostonglobe.com/2025/06/19/nation/brad-lander-immigrants-ice-escort/,A New York mayoral candidate tried to escort immigrants facing arrest. He’s not alone.,2025-06-21
480dbc14-91ff-4b56-a291-95177c4c35aa,,41.8781,-87.6298,Chicago,Illinois,Unknown,,,1,https://www.chicagotribune.com/2025/06/19/redadas-del-ice-y-su-incertidumbre-ahuyentan-a-trabajadores-y-desconciertan-a-empresas/,Redadas del ICE y su incertidumbre ahuyentan a trabajadores y desconciertan a empresas,2025-06-21
740f7e88-395b-470e-ba55-f0df9da67c0f,,34.0522,-118.2437,Los Angeles,California,Unknown,,,1,https://www.courant.com/2025/06/19/nezza-dodgers-ice-raids/,Nezza’s anthem in Spanish at Dodger Stadium ignites debate over team’s immigrant support,2025-06-21
099f218d-a3bb-449a-adc2-3ab187539d48,,39.2904,-76.6122,Baltimore,Maryland,Unknown,,,1,https://www.baltimoresun.com/2025/06/19/ice-raids-businesses/,ICE raids and their uncertainty scare off workers and baffle businesses,2025-06-21
bd174739-6c81-45de-b2eb-353bcecc0458,,33.749,-84.388,Atlanta,Georgia,Unknown,,,1,https://www.newsday.com/news/nation/journalist-detained-immigration-ice-mario-guevarra-atlanta-x93606,ICE takes custody of Spanish-language journalist arrested at Georgia protest,2025-06-21
98df107d-fb8f-4922-b761-f54cb65007b2,,34.0522,-118.2437,Los Angeles,California,Unknown,,,1,https://www.newsday.com/entertainment/dodgers-spanish-national-anthem-nezza-j37607,Nezza's anthem in Spanish at Dodger Stadium ignites debate over team's immigrant support,2025-06-21
a2e6083f-1aa9-4636-8ada-ac936cb418ed,,32.7157,-117.1611,San Diego,California,Unknown,,,1,https://www.sandiegouniontribune.com/2025/06/19/ice-raids-businesses/,ICE raids and their uncertainty scare off workers and baffle businesses,2025-06-21
24831abb-04b4-4163-ae46-dba58c1972a7,,34.0522,-118.2437,Los Angeles,California,Unknown,,,1,https://www.latimes.com/business/story/2025-06-19/farms-hotels-and-restaurants-press-trump-to-exempt-their-businesses-from-immigration-raids,"Farms, hotels and restaurants press Trump to exempt their businesses from immigration raids",2025-06-21
d2848cee-3672-4501-b1f2-a36bde12f236,,45.5152,-122.6784,Portland,,Unknown,,,1,https://www.foxnews.com/us/portland-anti-ice-riot-crushed-federal-agents,Portland anti-ICE riot crushed by federal agents,2025-06-21
80e1c2a7-456d-482e-b7c9-8646655fe599,,34.0522,-118.2437,Los Angeles,,Unknown,,,1,https://www.stripes.com/theaters/us/2025-06-18/northcom-la-protests-national-guard-18167441.html,"Another 2,000 National Guard troops ordered into LA to help subdue ongoing protests",2025-06-21
5eee2942-daaf-435c-b81b-f47cba787377,,33.749,-84.388,Atlanta,Georgia,Unknown,,,1,https://abcnews.go.com/US/wireStory/ice-takes-custody-spanish-language-journalist-arrested-georgia-122990625,ICE takes custody of Spanish-language journalist arrested at Georgia protest,2025-06-21
210a6f7b-614f-4bde-b859-96884ec86e6a,,47.6062,-122.3321,Seattle,Washington,Unknown,,,1,https://www.seattletimes.com/business/ice-raids-and-their-uncertainty-scare-off-workers-and-baffle-businesses/?utm_source=RSS&utm_medium=Referral&utm_campaign=RSS_all,ICE raids and their uncertainty scare off workers and baffle businesses,2025-06-21
0f60e30a-3f46-4ea8-8ecf-fde1e2d49fce,,40.7128,-74.006,New York,New York,Unknown,,,1,https://www.cnn.com/2025/06/19/politics/who-is-brad-lander-ice-arrest,Who is Brad Lander? A candidate used to getting arrested shakes up New York’s mayoral race,2025-06-21
c9fd8930-ccc5-4fac-a1af-92d5cdd4d148,,34.0522,-118.2437,Los Angeles,California,Unknown,,,1,https://nypost.com/2025/06/19/us-news/how-original-rooftop-korean-tony-moon-got-red-pilled-the-la-protests-are-not-organic/,How an original Rooftop Korean got red-pilled: ‘These protests are not organic’,2025-06-21
273b05f6-7a3b-4cda-8c74-8ff013047213,90 West Broad Street,39.9625349,-83.0030611,Columbus,OH,Unknown,43215.0,90 West Broad Street,1,https://www.dispatch.com/story/news/local/2025/06/18/columbus-city-hall-protest-hundreds-gather-condemn-ice-war-with-iran/84249976007/,"Columbus protest: Hundreds gather to condemn ICE, war with Iran",2025-06-21
5636dfb3-d220-4cbf-b6ee-980ef8539aeb,,45.5152,-122.6784,Portland,Oregon,Unknown,,,1,https://www.oregonlive.com/crime/2025/06/another-man-charged-with-assaulting-federal-officer-outside-portland-ice-office.html,Another man charged with assaulting federal officer outside Portland ICE office,2025-06-21
fa7912cb-e0e3-4f46-9e5c-f1fa87eea533,,25.7617,-80.1918,Miami,Florida,Unknown,,,1,https://www.cbsnews.com/miami/news/video-shows-ice-detaining-cuban-immigrant-after-miami-court-asylum-hearing/,Video shows ICE detaining Cuban immigrant after Miami court asylum hearing,2025-06-21
adeb729c-2833-4351-8737-f87900ee55b3,,45.5152,-122.6784,Portland,,Unknown,,,1,https://www.newsweek.com/protestors-clash-federal-agents-outside-portland-ice-facility-2087777,Protestors clash with federal agents outside Portland ICE facility,2025-06-21
fa42d279-c162-419a-b5fa-c438a295d775,,34.1478,-118.1445,Pasadena,California,Unknown,,,1,https://www.cbsnews.com/losangeles/video/ice-arrests-outside-donut-shop-sparks-protest-in-pasadena/,ICE arrests outside donut shop sparks protest in Pasadena,2025-06-21
7c266a5a-4480-4180-b692-31d2e5acf5bf,,33.749,-84.388,Atlanta,Georgia,Unknown,,,1,https://www.ajc.com/news/2025/06/government-says-harvard-researcher-accused-of-smuggling-frog-embryos-brought-biological-materials/,Government says Harvard researcher accused of smuggling frog embryos brought 'biological materials',2025-06-21
5d49265a-912e-41cf-8e1a-c016d510bd2b,,41.2565,-95.9345,Omaha,,Unknown,,,1,https://omaha.com/news/local/crime-courts/article_c9fb9d49-d45c-44bd-80b0-009c7bcd8559.html,"More than 100 identity theft victims linked to Glenn Valley raid, ICE says",2025-06-21
a553e212-d23f-4936-8864-2128b4c85f3a,,40.7128,-74.006,New York City,New York,Unknown,,,1,https://www.rawstory.com/brad-lander-2672397959/,'He didn’t do anything': NYC official slams ‘rude’ Eric Adams after ICE arrest,2025-06-21
6cba602c-fd2c-4947-be74-f53d11f0aca7,,33.749,-84.388,Atlanta,Georgia,Unknown,,,1,https://www.ajc.com/video/news/2025/06/bodycam-footage-shows-hispanic-journalist-arrested-while-livestreaming-protest/,"Journalist arrested while livestreaming immigrant rights protest, bodycam shows",2025-06-21
6afe7c7a-7925-489e-bc58-76fdbf85b628,,34.1478,-118.1445,Pasadena,California,Unknown,,,1,https://www.cbsnews.com/losangeles/news/ice-agents-detain-six-people-pasadena/,"ICE agents detain six people outside Pasadena donut shop, witnesses say",2025-06-21
7de37d3e-762a-46fc-a372-6cfc8e8731eb,,40.7128,-74.006,New York,New York,Unknown,,,1,https://slate.com/news-and-politics/2025/06/donald-trump-brad-lander-ice-arrests-new-york-city.html?via=rss,Brad Lander Managed His Arrest Just Fine. What He Saw in the Interrogation Room Broke Him.,2025-06-21
03cf2cc1-1c07-432d-a080-e38197e11c67,,33.749,-84.388,Atlanta,,Unknown,,,1,https://www.latimes.com/espanol/eeuu/articulo/2025-06-17/periodista-hispano-que-documenta-redadas-migratorias-en-eeuu-podria-ser-deportado-tras-ser-detenido,Periodista hispano que documenta redadas migratorias en EEUU podría ser deportado tras ser detenido,2025-06-21
c2b8fb0d-4d7b-417a-bf3c-7fc1b0c979b5,,33.749,-84.388,Atlanta,Georgia,Unknown,,,1,https://www.inquirer.com/wires/ap/ice-takes-custody-spanish-language-journalist-arrested-georgia-protest-20250618.html,ICE takes custody of Spanish-language journalist arrested at Georgia protest,2025-06-21
7f513afa-353d-414f-88c6-b83d85356766,,40.7128,-74.006,New York City,New York,Unknown,,,1,https://www.breitbart.com/politics/2025/06/18/manhattan-u-s-attorney-considers-charging-nyc-democrat-mayoral-candidate-with-assaulting-ice-agent/,U.S. Attorney Considers Charging NYC Democrat with Assaulting ICE Agent,2025-06-21
3ff0102c-46a2-45ac-919e-a059c0b79d99,,34.0522,-118.2437,Los Angeles,California,Unknown,,,1,https://www.latimes.com/business/story/2025-06-18/immigration-raids-employer-employee,Will employers be targeted for hiring undocumented workers?,2025-06-21
e5b70428-71dd-403f-93e3-ca39c2d15f02,,40.7128,-74.006,New York City,New York,Unknown,,,1,https://theweek.com/politics/ice-arrest-nyc-comptroller,ICE arrests NYC comptroller at courthouse,2025-06-21
c6423247-d9b9-41c2-b00c-aa5dd4f8ad5e,,34.0522,-118.2437,Los Angeles,California,Unknown,,,1,https://www.theguardian.com/us-news/2025/jun/18/los-angeles-missing-posters-ice,‘Abducted by Ice’: the haunting missing-person posters plastered across LA,2025-06-21
ac219e36-ce10-48d8-b2ee-ca099c491511,,40.7128,-74.006,New York,New York,Unknown,,,1,https://www.theguardian.com/us-news/video/2025/jun/17/new-york-city-comptroller-and-mayoral-candidate-brad-lander-released-from-federal-custody-video,New York City comptroller and mayoral candidate Brad Lander released from federal custody – video,2025-06-21
55311ac2-7b74-48fa-9a77-3b5bf9efa5c8,,40.7128,-74.006,New York,New York,Unknown,,,1,https://www.arkansasonline.com/news/2025/jun/18/nyc-official-arrested-at-immigration-court/,NYC official arrested at immigration court,2025-06-21
0c3067e5-8d36-4d0e-a9ca-c4c0288cf1bb,,34.0522,-118.2437,Los Angeles,California,Unknown,,,1,https://www.theguardian.com/us-news/2025/jun/18/los-angeles-faith-leaders-ice-raid,‘To not speak out is to be complicit’: LA faith leaders mobilize amid Ice raids,2025-06-21
d8ee2f92-e5b7-4dc3-8467-a055c1c30a9b,,34.0522,-118.2437,Los Angeles,California,Unknown,,,1,https://www.theguardian.com/us-news/2025/jun/17/los-angeles-curfew-lifted,"People detained in LA Ice raids held in deplorable conditions, say lawmakers",2025-06-21
b6124386-e5da-43c7-b68b-94f1fa2702d2,,40.7128,-74.006,New York City,New York,Unknown,,,1,https://www.msnbc.com/all-in/watch/-nobody-s-safe-nyc-comptroller-brad-lander-speaks-out-after-ice-arrest-241792069862,'Nobody's safe': NYC comptroller Brad Lander speaks out after ICE arrest,2025-06-21
f707754a-48b1-418c-afcc-f374b9a0b957,,40.7128,-74.006,New York City,New York,Unknown,,,1,https://www.msnbc.com/msnbc/watch/-they-knew-who-i-was-nyc-comptroller-lander-describes-arrest-at-federal-courthouse-241796677701,‘They knew who I was:’ NYC Comptroller Lander describes arrest at federal courthouse,2025-06-21
4293dc93-e0bc-4de8-adf5-91a011cffb21,,34.0522,-118.2437,Los Angeles,California,Unknown,,,1,https://www.thenation.com/article/activism/la-immigrant-rights-ice-organizing/,An Urgent Message From the Streets of Los Angeles,2025-06-21
0f323373-60b0-441d-84fb-dfad28a60022,,34.0522,-118.2437,Los Angeles,California,Unknown,,,1,https://www.thenation.com/article/politics/los-angeles-california-protests-no-kings/,"From the City to the Suburbs, First-Time Protesters Are Showing Up",2025-06-21
7818188e-64b1-4241-b183-c6e531247382,,34.0522,-118.2437,Los Angeles,California,Unknown,,,1,https://www.dailykos.com/story/2025/6/17/2328587/-Despite-what-Trump-says-ICE-will-keep-raiding-worksites-and-hotels?pm_campaign=blog&pm_medium=rss&pm_source=,"Despite what Trump says, ICE will keep raiding worksites and hotels",2025-06-21
4c6b3a2c-c5c0-4861-a014-cc1ee2624a53,,34.0522,-118.2437,Los Angeles,California,Unknown,,,1,https://www.dailykos.com/story/2025/6/17/2328592/-Trump-goons-arrest-another-politician-laws-be-damned?pm_campaign=blog&pm_medium=rss&pm_source=,"Trump goons arrest another politician, laws be damned",2025-06-21
52e85a50-cd03-46d9-a0c0-a48553f6d73a,,40.7128,-74.006,New York,New York,Unknown,,,1,https://www.cbsnews.com/newyork/video/n-y-congressmen-say-they-were-denied-access-to-ice-field-office-full-new-conference/,N.Y. congressmen say they were denied access to ICE field office,2025-06-21
fe9b3c85-ddf0-4df0-8b25-bfae94f6399d,,40.7128,-74.006,New York,New York,Unknown,,,1,https://www.cbsnews.com/newyork/video/n-y-congressman-try-to-conduct-oversight-visit-after-brad-landers-arrest/,N.Y. congressman try to conduct oversight visit after Brad Lander's arrest,2025-06-21
0f8201c5-db68-48bd-8ad9-e0b5eb8374b3,,40.7128,-74.006,New York City,,Unknown,,,1,https://townhall.com//tipsheet/mattvespa/2025/06/18/the-reactions-to-this-nyc-mayoral-candidate-being-manhandled-by-ice-is-hilarious-n2659016,The Reactions to This NYC Mayoral Candidate Being Manhandled by ICE Is Hilarious,2025-06-21
c8dabde5-eb91-4aca-951c-3f083d6fd04a,,34.0522,-118.2437,Los Angeles,California,Unknown,,,1,https://www.seattletimes.com/nation-world/journalist-hit-by-la-deputies-round-at-ice-protest-needed-surgery-claim-says/?utm_source=RSS&utm_medium=Referral&utm_campaign=RSS_all,"Journalist hit by LA deputies’ round at ICE protest needed surgery, claim says",2025-06-21
c07bc1e3-39e8-412c-87d0-57446da1c98c,,34.0522,-118.2437,Los Angeles,California,Unknown,,,1,https://dailycaller.com/2025/06/18/feds-nab-suspect-allegedly-mortars-fireworks-kill-cops-los-angeles-riots/,"Feds Nab Suspect Who Allegedly Bought Mortars, Fireworks To Kill Cops At LA Riots",2025-06-21
6d14fe76-3899-4aec-9ad2-db0e529ed3c6,,40.7357,-74.1724,Newark,,Unknown,,,1,https://nypost.com/2025/06/18/us-news/ice-ships-hundreds-of-migrants-out-of-newark-detention-center-where-four-detainees-escaped/,ICE ships hundreds of dangerous migrant criminals out of Newark detention center where four detainees escaped,2025-06-21
86c5c3bc-a784-439b-abdb-f2253b1ca400,,40.7128,-74.006,New York City,New York,Unknown,,,1,https://www.newsweek.com/afghan-us-military-interpreter-detained-ice-san-diego-2087451,He helped American soldiers in Afghanistan. Now he's in ICE detention,2025-06-21
7e240815-424f-4af4-bdaf-8678c1aea7cc,,34.0522,-118.2437,Los Angeles,California,Unknown,,,1,https://theconversation.com/smartphones-are-once-again-setting-the-agenda-for-justice-as-the-latino-community-documents-ice-actions-258980,Smartphones are once again setting the agenda for justice as the Latino community documents ICE actions,2025-06-21
6aa3772e-af3c-4c17-8921-7d9d0169ba8e,Chamblee Tucker Road,33.8779094,-84.2689855,Atlanta,GA,Unknown,,Chamblee Tucker Road,1,https://www.newsday.com/news/nation/journalist-arrested-ice-mario-guevarra-atlanta-h29049,Spanish-language journalist who documents immigration raids detained for ICE after protest arrest,2025-06-21
4fa42bc2-b61e-444e-863d-2c11c494ce35,,40.7128,-74.006,New York City,New York,Unknown,,,1,https://www.newsday.com/news/new-york/brad-lander-nyc-immigration-court-arrest-p56412,NYC mayoral candidate Brad Lander arrested at immigration court after linking arms with man being detained,2025-06-21
0ce2a27b-c546-4903-857f-e1121fbe17ef,,47.6062,-122.3321,Seattle,Washington,Unknown,,,1,https://www.seattletimes.com/nation-world/images-of-handcuffed-democrats-start-to-pile-up-in-trumps-crackdown/?utm_source=RSS&utm_medium=Referral&utm_campaign=RSS_all,Images of handcuffed Democrats start to pile up in Trump’s crackdown,2025-06-21
090fb037-9765-4a26-889c-0d6ff7625b02,,40.7128,-74.006,New York,New York,Unknown,,,1,https://www.cbsnews.com/newyork/video/brad-lander-says-ice-arrest-was-politically-motivated/,Brad Lander says ICE arrest was politically motivated,2025-06-21
745dc12b-64a6-428d-a1fb-4c31ead9a803,,40.7128,-74.006,New York City,New York,Unknown,,,1,https://www.foxnews.com/media/new-york-city-mayoral-candidate-finds-remarkable-dhs-agents-who-arrested-him-were-both-immigrants,New York City mayoral candidate finds it 'remarkable' DHS agents who arrested him were both immigrants,2025-06-21
2b7d09f2-3609-4eac-b49c-06b0791ddfd9,,34.0522,-118.2437,Los Angeles,California,Unknown,,,1,https://www.businessinsider.com/la-immigrant-street-vendors-work-through-ice-raids-protests-2025-6,LA's immigrant street vendors fear ICE raids but are still slinging tacos,2025-06-21
b91bbb70-2031-4d6d-86dd-f24ab6e31d62,,34.0522,-118.2437,Los Angeles,California,Unknown,,,1,https://www.foxnews.com/us/trump-admin-deploys-2000-more-troops-blue-city-anti-ice-riots,Trump admin deploys 2K more troops to blue city for anti-ICE riots,2025-06-21
5d3a238b-16e8-453b-bf11-852cfeb886f3,,40.7357,-74.1724,Newark,,Unknown,,,1,https://www.foxnews.com/us/third-illegal-immigrant-captured-after-ice-facility-breakout,Third illegal immigrant captured after ICE facility breakout,2025-06-21
662d6436-f62c-4c43-b55b-4e5957b44ddf,,41.8781,-87.6298,Chicago,Illinois,Unknown,,,1,https://www.chicagotribune.com/2025/06/18/ice-chicago-protests-arrests/,"ICE field director defends agents after ramped-up enforcement, arrests of US citizens at Chicago immigration court protest",2025-06-21
c83cc3b6-6409-493f-bf99-ac66e39b59a1,,34.0522,-118.2437,Los Angeles,California,Unknown,,,1,https://www.forbes.com/sites/thomasbrewster/2025/06/18/la-residents-are-foiling-ice-raids-using-amazon-rings-neighborhood-watch/,LA Residents Foil ICE Raids Using Amazon Ring’s Neighborhood Watch App,2025-06-21
276d2899-e43b-4f14-9fc7-ed279fb04d86,,33.749,-84.388,Atlanta,Georgia,Unknown,,,1,https://abcnews.go.com/US/wireStory/spanish-language-journalist-documents-immigration-raids-detained-ice-122944707,Spanish-language journalist who documents immigration raids detained for ICE after protest arrest,2025-06-21
98d6f31f-2a71-4840-813c-aebee44b76fd,,39.2904,-76.6122,Baltimore,Maryland,Unknown,,,1,https://www.baltimoresun.com/2025/06/18/baltimore-ice-facility-suit-advocates-call-conditions-inhumane/,Baltimore ICE facility suit: Advocates call conditions ‘inhumane’,2025-06-21
4a0cc040-b0a2-4df0-be69-c91fa0dab707,,45.5152,-122.6784,Portland,Oregon,Unknown,,,1,https://www.oregonlive.com/crime/2025/06/lawyers-seek-bail-for-asylum-seeker-arrested-at-portland-immigration-court.html,Lawyers seek bail for asylum seeker arrested at Portland Immigration Court,2025-06-21
0320d1d6-9a4d-4f2d-bc6c-b66b5da7c31b,,40.7128,-74.006,New York,New York,Unknown,,,1,https://www.pbs.org/newshour/politics/watch-nyc-mayoral-candidate-brad-lander-gov-hochul-speak-after-landers-arrest-at-an-immigration-court,"WATCH: NYC mayoral candidate Brad Lander, Gov. Hochul speak after Lander’s arrest at an immigration court",2025-06-21
d1c93b8c-b4c3-44c7-b512-22bdfe4e08a2,0650 South Lowell Street,45.4933884,-122.67185,Portland,OR,Unknown,97239.0,0650 South Lowell Street,1,https://www.oregonlive.com/politics/2025/06/portland-residents-are-caught-in-crossfire-as-ice-protests-intensify.html,Portland residents are caught in crossfire as ICE protests intensify,2025-06-21
e763335a-46e7-42f0-ba3f-0d77a53950cb,,37.3382,-121.8863,San Jose,California,Unknown,,,1,https://www.mercurynews.com/2025/06/17/nicaraguan-national-charged-with-assaulting-ice-agents-in-san-jose/,Nicaraguan national charged with assaulting ICE agents in San Jose,2025-06-21
7bd47b67-9981-4bf0-8204-51e3b3b29a41,,21.3099,-157.8581,Honolulu,Hawaii,Unknown,,,1,https://www.staradvertiser.com/2025/06/17/breaking-news/russian-man-arrested-at-honolulu-airport-for-alleged-immigration-violation/,Russian man arrested at Honolulu airport for alleged immigration violation,2025-06-21
eae50642-9b41-4ecc-8574-670f59ff2793,,40.7128,-74.006,New York City,,Unknown,,,1,https://townhall.com//tipsheet/dmitri-bolt/2025/06/17/nyc-mayoral-candidate-arrested-for-trying-to-escort-an-illegal-out-of-court-n2658974,Political Theater or Obstruction? NYC Democrat Candidate Detained After ICE Confrontation,2025-06-21
5111e495-d940-48ae-b744-666c990587ea,320 Ottawa Avenue Northwest,42.9690926,-85.6705408,Grand Rapids,MI,Unknown,49503.0,320 Ottawa Avenue Northwest,1,https://www.mlive.com/news/grand-rapids/2025/06/ice-protest-in-grand-rapids-activists-demand-sanctuary-city-designation.html,ICE protest in Grand Rapids: Activists demand sanctuary city designation,2025-06-21
ed31c691-691b-437b-b268-d086ec17088f,,34.0522,-118.2437,Los Angeles,California,Unknown,,,1,https://www.dailykos.com/stories/2025/6/17/2328587/-Despite-what-Trump-says-ICE-will-keep-raiding-worksites-and-hotels?pm_campaign=blog&pm_medium=rss&pm_source=main,"Despite what Trump says, ICE will keep raiding worksites and hotels",2025-06-21
7d08b095-6322-4633-af4b-3770d09ca0fc,,34.0522,-118.2437,Los Angeles,California,Unknown,,,1,https://www.dailykos.com/stories/2025/6/17/2328592/-Trump-goons-arrest-another-politician-laws-be-damned?pm_campaign=blog&pm_medium=rss&pm_source=main,"Trump goons arrest another politician, laws be damned",2025-06-21
4840a21a-2ace-49a3-9539-b033debb813c,,39.9526,-75.1652,Philadelphia,Pennsylvania,Unknown,,,1,https://www.inquirer.com/news/july-4th-parade-philadelphia-venezuela-immigraton-20250617.html,"Two Venezuelan groups drop out of Philly July 4th celebrations, citing uncertainty facing immigrant communities",2025-06-21
3cf81b52-a76e-4d18-a59f-f44d5e42a8b9,,34.0522,-118.2437,Los Angeles,California,Unknown,,,1,https://www.csmonitor.com/USA/2025/0617/L.A.-Immigration-raid-affects-small-business-owners?icid=rss,‘It’s worse than COVID.’ ICE raids empty LA produce markets and restaurants.,2025-06-21
980befaf-4f47-414c-ae36-2247ce1ee213,,40.7128,-74.006,New York,New York,Unknown,,,1,https://www.foxnews.com/politics/new-york-dem-accused-staged-arrest-after-being-released-federal-authorities-within-hours,New York Dem accused of ‘staged’ arrest after being released by federal authorities within hours,2025-06-21
5a4fa01c-97e1-4697-b02e-11686aec3e39,,43.0389,-87.9065,Milwaukee,Wisconsin,Unknown,,,1,https://www.jsonline.com/story/news/local/2025/06/17/mps-teachers-aide-self-deports-to-el-salvador-with-us-born-daughters/84234733007/,MPS teacher's aide self-deports to El Salvador with US-born daughters,2025-06-21
d23f19c0-0ad1-4f78-bf23-2ea13fc6411f,,40.7128,-74.006,New York,New York,Unknown,,,1,https://www.oann.com/newsroom/nyc-mayoral-candidate-arrested-by-ice-after-being-accused-of-assaulting-officer-impeding-immigration-arrest/,"NYC mayoral candidate arrested by ICE after being accused of assaulting officer, impeding immigration arrest",2025-06-21
1f450b6a-247d-495a-97df-9d27254cdc15,,25.7617,-80.1918,Miami,Florida,Unknown,,,1,https://www.cbsnews.com/miami/video/miami-commissioners-hear-from-residents-over-ice-proposed-partnership/,Miami commissioners hear from residents over ICE-proposed partnership,2025-06-21
7fcfdec6-893a-4d31-b703-9e4c4cbbae4f,,25.7617,-80.1918,Miami,Florida,Unknown,,,1,https://www.cbsnews.com/miami/news/rep-carlos-gimenez-visits-miami-federal-detention-center-disputes-reports-of-inhumane-conditions/,"Rep. Carlos Gimenez visits Miami detention center holding ICE detainees, disputes reports of inhumane conditions",2025-06-21
d73270a6-2038-49e9-b01e-fb60a043e3b9,,33.749,-84.388,Atlanta,Georgia,Unknown,,,1,https://www.ajc.com/news/2025/06/spanish-language-journalist-who-documents-immigration-raids-detained-for-ice-after-protest-arrest/,Spanish-language journalist who documents immigration raids detained for ICE after protest arrest,2025-06-21
dcb0fcd5-1da4-4edf-89ab-b241b234b2a2,,41.8781,-87.6298,Chicago,Illinois,Unknown,,,1,https://www.cbsnews.com/chicago/news/chicago-area-immigrant-advocate-arrested-ice/,Daughter says she still doesn't know why Chicago area immigrant advocate was arrested by ICE,2025-06-21
38b66835-da61-43c7-8c07-c560e952cf38,,40.7128,-74.006,New York,New York,Unknown,,,1,https://www.cbsnews.com/newyork/video/brad-lander-says-hes-doing-ok-after-ice-arrest/,Brad Lander says he's doing OK after ICE arrest,2025-06-21
50638050-316f-403b-b937-02a775d4cf5f,,41.8781,-87.6298,Chicago,Illinois,Unknown,,,1,https://www.cbsnews.com/chicago/video/immigrant-advocate-in-custody-in-kentucky-after-being-detained-by-ice-in-chicago/,Immigrant advocate in custody in Kentucky after being detained by ICE in Chicago,2025-06-21
684b3a54-394b-4b72-b7dc-5f294ffc3c64,,40.7128,-74.006,New York,New York,Unknown,,,1,https://www.cbsnews.com/newyork/video/brad-lander-nyc-comptroller-and-mayoral-candidate-arrested-by-ice-agents/,"Brad Lander, NYC comptroller and mayoral candidate, arrested by ICE agents",2025-06-21
547b1d1e-684d-468b-bbbc-d3569777f2d6,,47.6062,-122.3321,Seattle,Washington,Unknown,,,1,https://www.seattletimes.com/nation-world/nation/spanish-language-journalist-who-documents-immigration-raids-detained-for-ice-after-protest-arrest/?utm_source=RSS&utm_medium=Referral&utm_campaign=RSS_all,Spanish-language journalist who documents immigration raids detained for ICE after protest arrest,2025-06-21
a5a4a010-2d67-4e99-9517-c764f407e5ca,,40.7128,-74.006,New York,New York,Unknown,,,1,https://www.latimes.com/world-nation/story/2025-06-17/brad-lander-nyc-comptroller-and-mayoral-candidate-is-arrested-outside-immigration-court,"Brad Lander, NYC comptroller and mayoral candidate, is arrested at immigration court",2025-06-21
99b8e4a9-808e-4f9f-8d18-ee9c538fe7cd,,40.7128,-74.006,New York,New York,Unknown,,,1,https://www.cbsnews.com/news/brad-lander-arrested/,"Brad Lander, NYC comptroller and mayoral candidate, arrested and released by ICE agents",2025-06-21
946fe382-f300-42ae-8004-de82021ab134,,40.7128,-74.006,New York City,New York,Unknown,,,1,https://www.breitbart.com/politics/2025/06/17/no-one-is-above-law-ice-agents-arrest-nyc-democrat-mayoral-candidate-accused-trying-shield-illegal-alien-arrest/,ICE Agents Arrest NYC Democrat Who Tried Shielding Illegal Alien from Arrest,2025-06-21
7b7e75e5-c12d-4008-bf64-e2eed6a026b9,,40.7128,-74.006,New York City,New York,Unknown,,,1,https://time.com/7295152/brad-lander-arrest-immigration-court/,NYC Mayor Candidate Brad Lander Arrested at Immigration Court,2025-06-21
a5720cd9-23d9-4438-b344-1d33ef0b2f06,,40.7128,-74.006,New York City,New York,Unknown,,,1,https://www.inquirer.com/wires/ap/nyc-mayoral-candidate-is-arrested-immigration-court-after-linking-arms-with-man-being-detained-20250617.html,NYC mayoral candidate is arrested at immigration court after linking arms with man being detained,2025-06-21
be1d8217-5b90-4658-9447-66fab2d8c3a2,,34.0522,-118.2437,Los Angeles,California,Unknown,,,1,https://www.billboard.com/espanol/noticias/olivia-rodrigo-condena-redadas-federales-inmigracion-1235999883/,Olivia Rodrigo se pronuncia en medio de protestas contra ICE: ‘LA no existiría sin inmigrantes’,2025-06-21
5b533c8f-90dd-4c56-88c7-eb5596f1d8ff,,34.0522,-118.2437,Los Angeles,California,Unknown,,,1,https://www.latimes.com/california/story/2025-06-17/man-arrested-for-allegedly-shooting-paintballs-at-officer-during-downtown-l-a-unrest,Man who allegedly shot paintballs at officer during protest is charged,2025-06-21
2ada5b03-d600-4678-81ef-a7b7e3ae2ed1,,34.0522,-118.2437,Los Angeles,California,Unknown,,,1,https://www.latimes.com/california/story/2025-06-16/friends-identify-woman-hit-and-run-no-kings-protest-riverside,Friends ID woman hit by SUV at 'No Kings' protest: 'She was so proud to be out there',2025-06-21
d0e9c4c4-d7ff-48b3-9063-4d929ad68ec0,,40.7128,-74.006,New York,New York,Unknown,,,1,https://www.pbs.org/newshour/politics/brad-lander-nyc-comptroller-and-democratic-mayoral-candidate-is-arrested-at-immigration-court,"Brad Lander, NYC comptroller and Democratic mayoral candidate, is arrested at immigration court",2025-06-21
59655b55-af1a-409b-ba4e-a6dbbb812f72,,40.7128,-74.006,New York,New York,Unknown,,,1,https://www.sandiegouniontribune.com/2025/06/17/brad-lander-arrest/,"Brad Lander, NYC comptroller and mayoral candidate, is arrested outside immigration court",2025-06-21
e6deadc2-94f5-4dee-9cfe-c94e4088ed26,,34.0522,-118.2437,Los Angeles,California,Unknown,,,1,https://www.theguardian.com/commentisfree/2025/jun/17/will-the-public-side-with-the-protesters-in-la-here-are-some-lessons-from-history,Will the public side with the protesters in LA? Here are some lessons from history,2025-06-21
4304cc82-de66-4789-9298-1a66f18c0441,,40.7128,-74.006,New York City,New York,Unknown,,,1,https://dailycaller.com/2025/06/17/ice-arrests-nyc-mayoral-candidate-brad-lander-democrat-assaults-agents-dhs/,"ICE Arrests Democratic NYC Mayoral Candidate After He Assaults Agents, DHS Says",2025-06-21
a963bac6-ddbc-47a9-ab26-559f53cdbe6b,,40.7128,-74.006,New York,New York,Unknown,,,1,https://www.msnbc.com/top-stories/latest/brad-lander-arrested-ice-immigration-new-york-rcna213573,New York City Comptroller Brad Lander arrested by federal agents at Manhattan courthouse,2025-06-21
bc01f071-907a-4896-9afe-64140a65728c,26 Federal Plaza,40.7154613,-74.0042519,New York,NY,Unknown,10278.0,26 Federal Plaza,1,https://www.upi.com/Top_News/US/2025/06/17/New-York-City-Brad-Lander-ICE-arrest/1431750183265/,Masked ICE agents arrest NYC comptroller and mayoral candidate Brad Lander,2025-06-21
337a013c-462a-4c4b-9d4e-e5e4b3e83bdf,,40.7128,-74.006,New York,New York,Unknown,,,1,https://www.usatoday.com/story/news/nation/2025/06/17/nyc-official-brad-lander-arrested-ice/84244302007/,NYC official Brad Lander arrested by ICE agents,2025-06-21
89eb8477-b5de-4adc-9349-ed5c7fc2ff1d,,40.7128,-74.006,New York,New York,Unknown,,,1,https://www.seattletimes.com/nation-world/nation/brad-lander-nyc-comptroller-and-mayoral-candidate-is-arrested-outside-immigration-court/?utm_source=RSS&utm_medium=Referral&utm_campaign=RSS_all,NYC mayoral candidate is arrested at immigration court after linking arms with man being detained,2025-06-21
c849e469-9519-4f1c-910b-f3e97cc02493,,41.8781,-87.6298,Chicago,Illinois,Unknown,,,1,https://www.chicagotribune.com/2025/06/17/reports-chicago-trump-militarized-crackdown/,"After reports that Chicago is ‘next’ in Trump’s militarized crackdown, mayor warns president to respect Constitution",2025-06-21
26c5531f-c55b-4e34-b608-6e38ad16053b,,40.7128,-74.006,New York,New York,Unknown,,,1,https://www.theguardian.com/us-news/video/2025/jun/17/ice-agents-arrest-new-york-city-comptroller-brad-lander-video,Ice agents arrest New York City comptroller Brad Lander – video,2025-06-21
139477b4-4dec-4134-9dcc-5b5f7339a53c,,40.7128,-74.006,New York City,New York,Unknown,,,1,https://www.rawstory.com/ice-arrest-2672386709/,NYC mayoral candidate charged with assaulting ICE agent after courthouse arrest,2025-06-21
268ec5d0-5936-4282-8c21-1d7d26866597,,34.0522,-118.2437,Los Angeles,,Unknown,,,1,https://www.foxnews.com/us/feds-probing-protest-funding-officials-drop-hammer-violent-la-rioters,Feds probing protest funding as officials drop hammer on violent LA rioters,2025-06-21
db254a36-3145-4cf7-9da1-2f3f8888ab7c,,40.7128,-74.006,New York City,New York,Unknown,,,1,https://www.foxnews.com/politics/brad-lander-arrested-ice-agents-following-alleged-assault-federal-officer,NYC mayoral candidate Brad Lander arrested by DHS agents following alleged assault on federal officer,2025-06-21
256b4d4c-559e-4808-8961-fb307424604b,,40.7128,-74.006,New York City,New York,Unknown,,,1,https://www.rawstory.com/ice-arrest-2672386546/,'Horrifying!' Outrage follows NYC mayoral candidate's ICE arrest,2025-06-21
74d1873c-2235-4869-968b-7cf5c2003912,,40.7128,-74.006,New York,New York,Unknown,,,1,https://www.mercurynews.com/2025/06/17/brad-lander-arrest/,"Brad Lander, NYC comptroller and mayoral candidate, is arrested outside immigration court",2025-06-21
2f4b38b0-582e-451b-84e3-60e4dff92826,,40.7357,-74.1724,Newark,,Unknown,,,1,https://www.cbsnews.com/newyork/video/only-1-newark-ice-detention-facility-escapee-remains-at-large/,Only 1 Newark ICE detention facility escapee remains at large,2025-06-21
4f180b8e-e81e-4f9b-b34d-58525e98caed,,40.7128,-74.006,New York City,New York,Unknown,,,1,https://politicalwire.com/2025/06/17/ice-arrests-new-york-city-mayoral-candidate/,ICE Arrests New York City Mayoral Candidate,2025-06-21
2635add5-9658-4a06-b908-31eaab3a3b33,,40.7357,-74.1724,Newark,New York,Unknown,,,1,https://www.cbsnews.com/newyork/news/newark-ice-facility-delaney-hall-escapee/,3 of 4 escaped Newark ICE detainees now back in custody as FBI continues its search,2025-06-21
11148143-00fc-4722-aac0-389ec9d74216,,40.7128,-74.006,New York City,New York,Unknown,,,1,https://www.denverpost.com/2025/06/17/brad-lander-arrest/,"Brad Lander, NYC comptroller and mayoral candidate, is arrested outside immigration court",2025-06-21
d606c7e1-630d-4ea2-8f91-51ac6d1c0c1b,,40.7128,-74.006,New York,New York,Unknown,,,1,https://www.ocregister.com/2025/06/17/brad-lander-arrest/,"Brad Lander, NYC comptroller and mayoral candidate, is arrested outside immigration court",2025-06-21
b3391360-56ba-41b3-88c0-36afdf6c8b0f,,34.0522,-118.2437,Los Angeles,California,Unknown,,,1,https://www.cbsnews.com/losangeles/news/los-angeles-county-da-additional-criminal-charges-ice-protests/,Los Angeles County DA announces additional criminal charges filed in connection with ICE protests,2025-06-21
b1df0cbd-daaa-43b3-8c4e-d701710fb56f,,40.7128,-74.006,New York,New York,Unknown,,,1,https://www.twincities.com/2025/06/17/brad-lander-arrest/,"Brad Lander, NYC comptroller and mayoral candidate, is arrested outside immigration court",2025-06-21
715d091b-79bb-4429-8d76-5ec414b8ba3a,,25.7617,-80.1918,Miami,Florida,Unknown,,,1,https://www.cbsnews.com/miami/video/miami-residents-protest-city-partnering-with-ice-on-immigration-enforcement/,Miami residents protest city partnering with ICE on immigration enforcement,2025-06-21
a3f12bbf-4ce7-4bf5-aee9-78b9b6401aad,,34.0522,-118.2437,Los Angeles,California,Unknown,,,1,https://dailycaller.com/2025/06/17/los-angeles-ice-riots-cost-city-20-million-and-counting/,Los Angeles ICE Riots Cost City $20 Million — And Counting,2025-06-21
cec2218d-4f05-4e64-8b31-4c58d4c7f933,,40.7128,-74.006,New York City,New York,Unknown,,,1,https://nypost.com/2025/06/17/us-news/feds-bust-illegal-migrants-in-18th-street-gang-tied-to-seedy-nyc-market-of-sweethearts/,Feds bust illegal migrants in ‘18th Street Gang’ tied to seedy NYC ‘Market of Sweethearts’,2025-06-21
56f660ac-472b-48ff-8c24-09863fae47ee,,40.7128,-74.006,New York City,New York,Unknown,,,1,https://www.inquirer.com/wires/ap/brad-lander-nyc-comptroller-mayoral-candidate-is-arrested-outside-immigration-court-20250617.html,"Brad Lander, NYC comptroller and mayoral candidate, is arrested at immigration court",2025-06-21
e5a3e082-347f-4ff0-932a-fa1c3c4d2829,,40.7128,-74.006,New York City,New York,Unknown,,,1,https://pjmedia.com/chris-queen/2025/06/17/breaking-ice-takes-nyc-mayoral-candidate-into-custody-n4940883,BREAKING: ICE Takes NYC Mayoral Candidate Into Custody,2025-06-21
ea79787a-de18-4f13-82cd-f371df8f703e,,40.7357,-74.1724,Newark,New Jersey,Unknown,,,1,https://www.inquirer.com/wires/ap/officials-arrest-1-2-detainees-still-missing-new-jersey-immigration-facility-20250617.html,Officials arrest 1 of 2 detainees still missing from New Jersey immigration facility,2025-06-21
eeff5c32-f12f-4a3f-946d-629b5e069444,,40.7128,-74.006,New York City,New York,Unknown,,,1,https://www.orlandosentinel.com/2025/06/17/brad-lander-arrest/,"Brad Lander, NYC comptroller and mayoral candidate, is arrested outside immigration court",2025-06-21
65ed8761-2839-4c73-94c3-6cfe253ef1b2,,40.7128,-74.006,New York City,New York,Unknown,,,1,https://www.newsweek.com/new-york-mayoral-candidate-arrested-ice-brad-lander-2086877,NYC mayoral candidate detained by ICE,2025-06-21
7bcf6719-7d92-474f-b40e-57847d4557f2,,40.7357,-74.1724,Newark,New Jersey,Unknown,,,1,https://abcnews.go.com/US/wireStory/officials-arrest-1-2-detainees-missing-new-jersey-122933619,Officials arrest 1 of 2 detainees still missing from New Jersey immigration facility,2025-06-21
03de4869-bd66-4e52-af79-01e404c20d12,,40.7357,-74.1724,Newark,New Jersey,Unknown,,,1,https://www.newsday.com/news/nation/immigration-new-jersey-delaney-hall-escape-l17980,Officials arrest 1 of 2 detainees still missing from New Jersey immigration facility,2025-06-21
7652a518-426c-4b94-93d2-207c6dd9ff4e,Federal Plaza,40.714741,-74.0031832,New York,NY,Unknown,,Federal Plaza,1,https://nypost.com/2025/06/17/us-news/comptroller-brad-lander-arrested-by-ice-at-federal-plaza-in-nyc/,NYC mayoral candidate Brad Lander arrested by ICE agents in chaotic scene at immigration court,2025-06-21
71c5defd-d6b8-44c4-941b-57d528236cda,,33.4484,-112.074,Phoenix,Arizona,Unknown,,,1,https://www.azcentral.com/story/news/local/arizona/2025/06/17/no-kings-protest-phoenix-arrests/84229780007/,No arrests from Phoenix 'No Kings' protest despite gun being pointed,2025-06-21
6e70176f-b754-43c0-bc92-796e22c0246f,,34.0522,-118.2437,Los Angeles,California,Unknown,,,1,https://www.breitbart.com/immigration/2025/06/17/karen-bass-compares-ice-raids-to-covid-lockdowns/,Karen Bass Compares ICE Raids to COVID Lockdowns,2025-06-21
110a39e4-3e8c-4377-965c-be466f91d42d,,40.7357,-74.1724,Newark,New Jersey,Unknown,,,1,https://www.usatoday.com/story/news/nation/2025/06/16/new-jersey-immigrant-escape/84235815007/,2 escapees from New Jersey immigrant detention facility caught,2025-06-21
034af2d6-229d-4ebc-82f1-2597d4d726be,,21.3099,-157.8581,Honolulu,Hawaii,Unknown,,,1,https://www.staradvertiser.com/2025/06/17/hawaii-news/number-of-ice-arrests-in-hawaii-remains-unknown/,Number of ICE arrests in Hawaii remains unknown,2025-06-21
bf2fc4b6-ce85-470f-ac84-b9524eeaa242,,34.0522,-118.2437,Los Angeles,California,Unknown,,,1,https://theconversation.com/the-use-of-federal-troops-to-quell-los-angeles-protests-recalls-militarized-law-enforcement-during-the-civil-rights-movement-258866,The use of federal troops to quell Los Angeles protests recalls militarized law enforcement during the Civil Rights Movement,2025-06-21
b2d87b23-91cf-4284-86c2-7eeafea52877,,34.0522,-118.2437,Los Angeles,California,Unknown,,,1,https://www.dailysignal.com/2025/06/17/protecting-the-public-during-the-violent-riots-in-los-angeles/,Protecting the Public During the Violent Riots in Los Angeles,2025-06-21
13805a71-2936-42ac-98d8-6ad0ea9d3dd2,,34.0522,-118.2437,Los Angeles,California,Unknown,,,1,https://www.latimes.com/lifestyle/story/2025-06-17/gardeners-landscapers-on-ice-raids,"Gardeners on ICE raids: 'People are afraid, but they still have to work'",2025-06-21
7b564a76-ea95-4aa3-acc5-3a0f6db60ef5,,34.0522,-118.2437,Los Angeles,California,Unknown,,,1,https://www.latimes.com/california/story/2025-06-16/south-l-a-mother-deports-herself-to-mexico-amid-trumps-immigration-crackdown-family-says,"South L.A. mother deports herself to Mexico amid Trump's immigration crackdown, family says",2025-06-21
a3de3561-6ca9-4af1-a93d-c75d43b9b21d,,45.5152,-122.6784,Portland,Oregon,Unknown,,,1,https://www.oregonlive.com/crime/2025/06/2-accused-of-assaulting-federal-officers-outside-ice-building.html,2 accused of assault against federal officers outside ICE building,2025-06-21
f13207ba-b1ea-4214-89bc-65a904f88225,,36.1627,-86.7816,Nashville,Tennessee,Unknown,,,1,https://www.rawstory.com/ice-raids-2672381528/,'No safe spaces': ICE raids will target farms and hotels despite Trump's vow,2025-06-21
d0bb6498-6c20-443a-8fe5-c650a4076831,,34.0522,-118.2437,Los Angeles,California,Unknown,,,1,https://www.ibtimes.com/afp-photographer-shot-face-rubber-bullet-la-protest-3775870,AFP Photographer Shot In Face With Rubber Bullet At LA Protest,2025-06-21
5befdef3-55b6-4280-a807-618714186886,,43.615,-116.2023,Boise,Idaho,Unknown,,,1,https://www.thenation.com/article/activism/no-kings-protest-recap/,The No Kings! Movement Trumped Trump,2025-06-21
1b0814a9-0fcd-406d-852b-275e59ef9ba1,,41.8781,-87.6298,Chicago,Illinois,Unknown,,,1,https://www.cbsnews.com/chicago/video/more-texts-sent-to-immigrants-telling-them-to-report-to-ice-centers-in-chicago/,More texts sent to immigrants telling them to report to ICE centers in Chicago,2025-06-21
c2a2cc4e-61c4-4b87-887a-a47607ad7dfe,,33.749,-84.388,Atlanta,Georgia,Unknown,,,1,https://www.ajc.com/news/2025/06/ice-moves-to-deport-atlanta-based-hispanic-reporter-who-covered-immigration-raids/,ICE could deport Atlanta-based Hispanic reporter arrested Saturday,2025-06-21
b20cc4d7-ec1a-4cdb-a64a-f10dbc2f9138,,34.0522,-118.2437,Los Angeles,California,Unknown,,,1,https://www.theguardian.com/us-news/2025/jun/16/los-angeles-immigration-raids-montebello,Ice agents detain US citizen as LA immigration raids continue: ‘It’s racial profiling’,2025-06-21
3b643331-8fd0-421e-8822-d38bc8efc926,,41.2565,-95.9345,Omaha,,Unknown,,,1,https://omaha.com/news/local/crime-courts/article_7c7735d0-1427-495e-a562-d2320ab95a6f.html,Early Bird employee who was arrested by ICE in Omaha indicted on 3 charges,2025-06-21
d9ecb1fc-c53e-4d4a-aed9-876c92b27064,,40.7357,-74.1724,Newark,,Unknown,,,1,https://www.cbsnews.com/newyork/news/newark-ice-facility-delaney-hall-family-members/,FBI raises reward for escaped Newark ICE facility detainees,2025-06-21
4cc878bc-d818-4838-9c9d-687012c778ed,,40.7357,-74.1724,Newark,New Jersey,Unknown,,,1,https://www.newsweek.com/ice-new-jersey-migrants-immigration-detainees-2086362,ICE offers $10k per migrant reward for escaped New Jersey detainees,2025-06-21
b092320b-0499-4782-8bfa-d23f999c07f8,,34.0522,-118.2437,Los Angeles,California,Unknown,,,1,https://www.hollywoodreporter.com/news/local-news/press-group-sues-los-angeles-lapd-assaults-at-protests-1236292364/,"Los Angeles, LAPD Chief Sued Over Alleged Assaults of Journalists at Protests",2025-06-21
005912dc-5feb-4a48-99d4-3cd1a1069d7e,,34.0522,-118.2437,Los Angeles,California,Unknown,,,1,https://www.foxnews.com/politics/illegal-immigrant-faces-charges-spitting-ice-officer-los-angeles,"Illegal immigrant faces charges for spitting on ICE officer in Los Angeles: 'OK, you got me'",2025-06-21
633a5842-9f0f-410d-b351-c1704d6df1d6,,34.0522,-118.2437,Los Angeles,California,Unknown,,,1,https://www.latimes.com/california/story/2025-06-16/trump-threatens-more-immigration-enforcement-as-la-protests-continue,Confusion reigns as Trump threatens to intensify L.A. sweeps days after ICE vows shift,2025-06-21
4bcdedbd-c2ed-45e8-9e56-a19fedcd8977,,32.7157,-117.1611,San Diego,California,Unknown,,,1,https://www.nbcnews.com/news/us-news/video-ice-detains-afghan-helped-us-military-rcna213343,Video shows ICE detaining man in San Diego who says he helped U.S. in Afghan war,2025-06-21
1d83f2db-5123-4b33-8ecd-265e5d7f3bb8,,40.7608,-111.891,Salt Lake City,Utah,Unknown,,,1,https://redstate.com/nick-arama/2025/06/16/update-on-salt-lake-city-shooting-at-no-kings-protest-n2190547,Update: 1 Dead in Shooting at Salt Lake City 'No Kings' Protest,2025-06-21
7d5dd3f2-637e-43bd-9ea2-d5045e02423e,,41.2565,-95.9345,Omaha,Nebraska,Unknown,,,1,https://redstate.com/streiff/2025/06/16/major-ice-raid-at-an-omaha-meat-packing-plant-reveals-an-unfortunate-truth-n2190563,Major ICE Raid at an Omaha Meat-Packing Plant Reveals an Unfortunate Truth,2025-06-21
cdf19e5e-3e4e-47bf-8ee2-800a0edeea81,,34.0522,-118.2437,Los Angeles,California,Unknown,,,1,https://www.latimes.com/california/newsletter/2025-06-16/california-immigrant-communities-go-quiet-amid-ice-raids,California immigrant communities go quiet amid ICE raids,2025-06-21
ad5b37fe-9f64-4eda-8b55-40d7e340d232,,43.0389,-87.9065,Milwaukee,Wisconsin,Unknown,,,1,https://www.jsonline.com/story/news/local/2025/06/16/milwaukee-man-accused-of-assassination-attemptset-to-testify-in-robbery-case-may-be-deported-instead/84174983007/,Milwaukee man framed over Trump threat may be deported before trial,2025-06-21
23b9d02a-d902-4738-988d-dbc64318dab5,,33.4484,-112.074,Phoenix,Arizona,Unknown,,,1,https://www.azcentral.com/story/news/politics/immigration/2025/06/16/ice-immigrant-arrests-in-arizona-heres-what-to-know/84176617007/,ICE immigrant arrests in Arizona: Here's what to know,2025-06-21
e464e207-b67e-4ad3-9383-2e605dbd82e5,,41.2565,-95.9345,Omaha,Nebraska,Unknown,,,1,https://www.breitbart.com/politics/2025/06/16/report-ice-raid-nebraska-meatpacking-plant-opens-jobs-americans-legal-immigrants/,"Report: ICE Raid at Nebraska Meatpacking Plant Opens Jobs for Americans, Legal Immigrants",2025-06-21
77c0487c-b840-4028-a9ec-9adcc3371d15,,34.0522,-118.2437,Los Angeles,California,Unknown,,,1,https://www.theguardian.com/us-news/2025/jun/16/home-depot-ice-raids-los-angeles,"At Home Depot, Ice raids terrorize the workers who helped build LA: ‘They just come and grab you’",2025-06-21
135e4f8d-e40f-4da4-b7c3-a56c09fc8acf,,39.2904,-76.6122,Baltimore,,Unknown,,,1,https://www.cbsnews.com/baltimore/news/immigration-adovcates-inhumane-baltimore-ice-facility/,Immigration advocates file lawsuit over conditions at Baltimore ICE facility,2025-06-21
b1742e50-9e1e-46eb-a716-7ababdc15373,,45.5152,-122.6784,Portland,Oregon,Unknown,,,1,https://hotair.com/john-s-2/2025/06/16/riot-at-portland-immigration-facility-n3803855,Riot Declared at Portland ICE Facility,2025-06-21
a2547ed3-82ad-46f7-8f8d-869bae176463,,33.749,-84.388,Atlanta,Georgia,Unknown,,,1,https://www.ajc.com/news/2025/06/demonstrators-converge-on-atlanta-immigration-court-to-oppose-ice-arrests/,Atlanta ICE demonstrations continue Sunday night at Immigration Court,2025-06-21
361b1301-593a-447e-a49a-83a880779343,,45.5152,-122.6784,Portland,Oregon,Unknown,,,1,https://www.oann.com/noticias-latinas/ataque-a-instalaciones-de-ice-en-portland-deja-4-agentes-heridos/,Ataque a instalaciones de ICE en Portland deja 4 agentes heridos,2025-06-21
d88b18a5-abb5-43d8-9f34-bc128af2a881,,40.7357,-74.1724,Newark,New Jersey,Unknown,,,1,https://abcnews.go.com/US/2-4-ice-detainees-escaped-nj-facility-captured/story?id=122870356,2 of 4 ICE detainees who escaped from NJ facility captured: FBI,2025-06-21
ed597316-b2ea-44fc-9395-12fe8adcded2,,34.0522,-118.2437,Los Angeles,California,Unknown,,,1,https://www.nbcnews.com/news/latino/singer-dodger-stadium-national-anthem-spanish-nezza-rcna213236,Singer at Dodger Stadium sings national anthem in Spanish in protest against L.A. immigration raids,2025-06-21
31e74761-7c45-4783-b7ee-47236cc94d78,,40.7357,-74.1724,Newark,New Jersey,Unknown,,,1,https://www.breitbart.com/immigration/2025/06/16/fbi-two-of-four-illegal-aliens-who-broke-out-of-new-jersey-ice-facility-captured/,FBI: Two of Four Illegal Aliens Who Broke Out of NJ ICE Facility Captured,2025-06-21
6d13d6f2-abd5-4dc7-b22e-3927bc5992d4,,47.4009,-121.4905,Washington,DC,Unknown,,,1,https://www.syracuse.com/politics/2025/06/is-trump-backing-off-see-his-latest-move-on-immigration-raids.html,Is Trump backing off? See his latest move on immigration raids,2025-06-21
47bd0fac-6507-405d-9eff-77b372af7d08,,34.0522,-118.2437,Los Angeles,California,Unknown,,,1,https://www.newsweek.com/most-voters-back-sending-troops-quell-riots-blame-trump-poll-2086281,"Most voters back sending troops to quell riots, but blame Trump for LA—Poll",2025-06-21
04c99f92-3cb7-41ad-b37c-373bf495c8da,,34.0522,-118.2437,Los Angeles,,Unknown,,,1,https://www.breitbart.com/border/2025/06/16/another-previously-deported-child-sex-offender-arrested-in-la-ice-raid/,Another Previously Deported Child Sex Offender Arrested in LA ICE Raid,2025-06-21
571546cc-faba-4e44-989e-7358f385ef6b,,40.7357,-74.1724,Newark,New Jersey,Unknown,,,1,https://www.newsweek.com/migrants-caught-new-jersey-detention-center-2086097,Migrants caught after New Jersey detention center escape,2025-06-21
f0a923d9-fef7-46dd-8c71-1789d93a8fe6,,34.0522,-118.2437,Los Angeles,California,Unknown,,,1,https://www.rawstory.com/ice-raids-2672378535/,'False!' Kristi Noem's DHS furious at accusations of 'racial targeting',2025-06-21
c5ca0a64-e406-4634-a0cc-c3a87b2315de,,41.8781,-87.6298,Chicago,,Unknown,,,1,https://www.newsweek.com/ice-green-card-dhs-chicago-immigration-2086070,Man with green card for over 20 years detained by ICE on return to US—Wife,2025-06-21
dcc437bc-3441-4fc4-8070-400f85fae53b,,41.8781,-87.6298,Chicago,Illinois,Unknown,,,1,https://www.chicagotribune.com/2025/06/16/ice-detention-beds/,"ICE is using no-bid contracts, boosting big firms, to get more detention beds",2025-06-21
171385ce-987c-4b6e-a288-ac1e8cdf856d,,34.0522,-118.2437,Los Angeles,California,Unknown,,,1,https://www.foxnews.com/media/jenna-ortega-urges-followers-be-angry-over-los-angeles-immigration-raids,Jenna Ortega urges followers to 'be angry' over Los Angeles immigration raids,2025-06-21
d50ae5b8-decb-4e61-b28e-8e9e78705141,,34.0522,-118.2437,Los Angeles,California,Unknown,,,1,https://www.npr.org/2025/06/16/nx-s1-5434279/lapd-immigration-protests-journalists-rubber-bullets,Journalists dodge rubber bullets in covering L.A. immigration protests,2025-06-21
3c31cf32-bd28-4f82-8b3f-6450581b64ef,,41.8781,-87.6298,Chicago,Illinois,Unknown,,,1,https://www.chicagotribune.com/2025/06/16/daywatch-two-detained-on-fathers-day-at-broadview-immigration-center/,Daywatch: Two detained on Father’s Day at Broadview immigration center,2025-06-21
5844d97b-c41e-4094-b19b-74512817e60d,,34.0522,-118.2437,Los Angeles,California,Unknown,,,1,https://www.breitbart.com/sports/2025/06/15/video-singer-performs-national-anthem-at-dodgers-game-in-spanish-as-a-protest-against-ice/,VIDEO: Singer Performs National Anthem at Dodgers Game in Spanish as a Protest Against ICE,2025-06-21
d9ee4bf2-f628-4a13-a455-55ea3127114a,,37.7749,-122.4194,San Francisco,California,Unknown,,,1,https://www.cbsnews.com/sanfrancisco/news/san-francisco-protesters-block-entrance-unmarked-building/,San Francisco protesters block entrance to unmarked building amid fears of ICE trap,2025-06-21
61a52889-42d1-4a18-b845-d3d5005844f6,,41.8781,-87.6298,Chicago,Illinois,Unknown,,,1,https://www.msnbc.com/the-weekend/watch/chicago-mayor-vows-to-stand-up-to-trump-as-city-braces-for-ice-raids-241624133528,Chicago Mayor vows to stand up to Trump as city braces for ICE raids,2025-06-21
7f0e08ce-a3dd-4d2a-9fe1-ffabba745abf,,40.7128,-74.006,New York,New York,Unknown,,,1,https://www.msnbc.com/the-weekend-primetime/watch/-we-re-in-a-bad-place-former-nyc-mayor-bill-de-blasio-on-the-rise-of-political-violence-in-america-241635397597,'We’re in a bad place': Former NYC Mayor Bill de Blasio on the rise of political violence in America,2025-06-21
40986ffd-b73b-4fc3-8914-abd1e078738c,,34.0522,-118.2437,Los Angeles,California,Unknown,,,1,https://www.msnbc.com/weekends-with-alex-witt/watch/rep-kamlager-dove-praises-peaceful-protests-and-blasts-ice-raids-across-los-angeles-241627717541,Rep. Kamlager-Dove praises peaceful protests and blasts ICE raids across Los Angeles,2025-06-21
94286396-a52f-4a4b-b4cb-41f6c5dfbe50,,45.5152,-122.6784,Portland,Oregon,Unknown,,,1,https://www.oregonlive.com/crime/2025/06/portland-police-arrest-3-near-ice-facility-after-protests-saturday-evening.html,Portland police arrest 3 near ICE facility after protests Saturday evening,2025-06-21
01017d98-d270-4a3e-a62b-dcc555b51c5b,,40.7357,-74.1724,Newark,,Unknown,,,1,https://www.foxnews.com/us/fbi-confirms-capture-illegal-immigrants-who-escaped-newark-ice-facility,FBI confirms capture of 2 of 4 illegal immigrants who escaped from Newark ICE facility,2025-06-21
052f0d9d-f06c-4b78-8bd0-9786ee6ad3e3,,32.7767,-96.797,Dallas,Texas,Unknown,,,1,https://www.dallasnews.com/news/politics/2025/06/14/live-no-kings-protests-north-texas-trump-june-14/,"About 10,000 people gather downtown for Dallas No Kings protest",2025-06-21
4483a163-c26c-4a97-b819-29062c51e16f,,39.7392,-104.9903,Denver,Colorado,Unknown,,,1,https://www.denverpost.com/2025/06/15/no-kings-protest-denver-arrests-police/,"36 people arrested in Denver after ‘No Kings’ protests, police say",2025-06-21
050bf87e-01b2-48f9-bd8f-8f2496661ed5,,40.7357,-74.1724,Newark,,Unknown,,,1,https://www.cbsnews.com/newyork/video/reward-offered-for-information-on-2-escaped-detainees-from-newark-ice-facility/,Reward offered for information on 2 escaped detainees from Newark ICE facility,2025-06-21
bcc18313-586b-49cd-a909-f345852bee50,,40.7357,-74.1724,Newark,,Unknown,,,1,https://www.cbsnews.com/newyork/news/delaney-hall-detainees-escaped-newark-ice-facility/,"2 of 4 detainees who escaped Newark ICE facility remain missing, FBI says",2025-06-21
f7eaf882-1262-425a-8678-e98718b9ba58,,34.0522,-118.2437,Los Angeles,California,Unknown,,,1,https://www.cbsnews.com/losangeles/news/38-people-arrested-following-no-kings-protest-in-downtown-la/,"38 people arrested following ""No Kings"" protest in downtown L.A.",2025-06-21
70ab7182-22b8-43d5-8a17-55cf947b967e,,39.9526,-75.1652,Philadelphia,Pennsylvania,Unknown,,,1,https://www.cbsnews.com/philadelphia/news/no-kings-protest-rally-philadelphia-norristown/,"From a founding father to a golden toilet: protesters get creative at Pennsylvania ""No Kings"" rally",2025-06-21
194e9f5e-7d05-4a8b-bc35-3a494cfd67f8,,34.0522,-118.2437,Los Angeles,California,Unknown,,,1,https://www.dailykos.com/stories/2025/6/15/2327784/-Amid-ICE-raids-LA-schools-say-they-ll-protect-students-at-graduation-but-will-their-families-come?pm_campaign=blog&pm_medium=rss&pm_source=main,"Amid ICE raids, LA schools say they’ll protect students at graduation—but will their families come?",2025-06-21
65a1d6ca-6cdc-465a-82b1-b43acfcc7bd8,North Eighth Street,40.0034616,-75.1427715,Philadelphia,PA,Unknown,,North Eighth Street,1,https://www.inquirer.com/news/philadelphia-immigrants-orders-report-to-ice-20250615.html,Philly immigrants received a Father’s Day surprise: orders to report to ICE,2025-06-21
accf5ef2-3a84-4836-beb7-25432d036823,,41.8781,-87.6298,Chicago,Illinois,Unknown,,,1,https://www.latimes.com/espanol/eeuu/articulo/2025-06-15/defensores-de-inmigrantes-y-funcionarios-electos-piden-la-liberacion-de-una-madre-de-chicago-detenida-por-ice,Defensores de inmigrantes y funcionarios electos piden la liberación de una madre de Chicago detenida por ICE,2025-06-21
1b95f9cb-1f70-4904-ae03-8c0075ea8635,,34.0522,-118.2437,Los Angeles,California,Unknown,,,1,https://www.latimes.com/california/story/2025-06-15/clash-trump-los-angeles-immigration-inevitable,"The Trump immigration raids: Stunning, yet predictable",2025-06-21
4202c92a-a1aa-456e-904c-aad742c44042,,34.0522,-118.2437,Los Angeles,California,Unknown,,,1,https://www.latimes.com/california/story/2025-06-15/los-angeles-immigration-raids-continue,Immigration raids continue as Trump appears to soften on targeting some workplaces,2025-06-21
27e72e68-623d-4672-bb78-a3923a7177c9,,45.5152,-122.6784,Portland,Ore.,Unknown,,,1,https://www.upi.com/Top_News/US/2025/06/15/anti-ice-protest-riot-portland/2371750000742/,"Portland, Ore., police declare anti-ICE protest a ‘riot’",2025-06-21
48a44f59-1481-4250-b292-bbf8f3f65ad9,,45.5152,-122.6784,Portland,Oregon,Unknown,,,1,https://dailycaller.com/2025/06/15/liberals-force-young-children-participate-violent-anti-trump-protests/,"Liberals Force Young Children To Participate In Violent, Vulgar Anti-Trump Protests",2025-06-21
12ec9ac7-f326-4490-af7b-425364835bb6,,34.0522,-118.2437,Los Angeles,California,Unknown,,,1,https://www.theguardian.com/football/2025/jun/15/angel-city-immigrants-shirt-soccer,NWSL’s Angel City wear ‘Immigrant City Football Club’ shirts after Los Angeles raids,2025-06-21
e66ab01b-ab7f-41e9-9f48-dbcc40c8fc7c,,34.0522,-118.2437,Los Angeles,California,Unknown,,,1,https://www.cnn.com/2025/06/15/us/ice-raids-migrants-la-protests,A tumultuous week in Los Angeles illustrates the human toll of the Trump administration’s more aggressive immigration crackdown,2025-06-21
871cea5f-2396-4e2d-8e97-da9ec42161d4,,45.5152,-122.6784,Portland,Oregon,Unknown,,,1,https://www.breitbart.com/immigration/2025/06/15/video-report-police-officers-injured-during-leftist-anti-ice-riot-in-portland/,VIDEO -- Report: Officers Injured During Leftist Anti-ICE Riot in Portland,2025-06-21
97781ad9-6dab-4d00-a150-723959892cac,,34.0522,-118.2437,Los Angeles,California,Unknown,,,1,https://www.dailykos.com/story/2025/6/15/2327784/-Amid-ICE-raids-LA-schools-say-they-ll-protect-students-at-graduation-but-will-their-families-come?pm_campaign=blog&pm_medium=rss&pm_source=,"Amid ICE raids, LA schools say they’ll protect students at graduation—but will their families come?",2025-06-21
92345318-9a62-4d91-815f-38a3cd315eb8,300 North Los Angeles Street,34.0539097,-118.2401488,Los Angeles,CA,Unknown,90012.0,300 North Los Angeles Street,1,https://www.breitbart.com/immigration/2025/06/15/30317409marines-stand-tall-in-face-of-verbal-onslaught-in-la-protest/,Marines Stand Tall in Face of Verbal Onslaught in LA Protest,2025-06-21
478baf7c-9feb-45dc-af5a-5ac377e3143d,,34.0522,-118.2437,Los Angeles,California,Unknown,,,1,https://www.theguardian.com/artanddesign/2025/jun/15/pussy-riot-nadya-tolokonnikova-police-state,Pussy Riot’s founder built a ‘police state’ in an LA art gallery. Then the national guard arrived,2025-06-21
c4d4d416-1ac5-43a1-af9e-ff92cd092390,,29.9511,-90.0715,New Orleans,Louisiana,Unknown,,,1,https://theconversation.com/millions-rally-against-authoritarianism-while-the-white-house-portrays-protests-as-threats-a-political-scientist-explains-258963,"Millions rally against authoritarianism, while the White House portrays protests as threats – a political scientist explains",2025-06-21
0cf71b5d-bb5c-4e98-8bb3-57f7c77b543e,,34.0522,-118.2437,Los Angeles,California,Unknown,,,1,https://www.thewrap.com/no-kings-protests-30000-downtown-los-angeles-arrests/,"L.A. 'No Kings' Protests Draw 30,000 to Downtown, 500 Arrests Reported in SoCal Clashes",2025-06-21
e89c3e33-b260-4ffb-b115-c2a96f6d6b23,,40.7128,-74.006,New York City,New York,Unknown,,,1,https://dailycaller.com/2025/06/15/anti-ice-protesters-arrested-new-york-city-no-kings/,Numerous Anti-ICE Protesters Arrested In NYC,2025-06-21
a4266d40-4ebd-4cf5-89fc-dd2e63ef7989,,41.8781,-87.6298,Chicago,Illinois,Unknown,,,1,https://www.cbsnews.com/chicago/news/matteson-man-charged-impersonating-police-officer/,Matteson man charged with impersonating police officer during ICE protest in Chicago,2025-06-21
8bf8ecae-b84f-4b7e-8ace-99cde6a1cc2b,,45.5152,-122.6784,Portland,Oregon,Unknown,,,1,https://dailycaller.com/2025/06/15/rioters-storm-oregon-ice-building-injure-officers/,"Rioters Storm Oregon ICE Building, Injure Officers",2025-06-21
e1fc3b89-5d38-4c91-9752-53247ec2c743,,34.0522,-118.2437,Los Angeles,California,Unknown,,,1,https://www.foxnews.com/politics/photos-see-anti-trump-violence-has-unfolded-las-streets-across-last-week,PHOTOS: See the anti-Trump violence that has unfolded on LA's streets across the last week,2025-06-21
288146a9-30c4-4936-bb71-925be9880a46,,34.0522,-118.2437,Los Angeles,California,Unknown,,,1,https://www.baltimoresun.com/2025/06/15/lessons-learned-from-the-la-protests-guest-commentary/,Lessons learned from the LA protests,2025-06-21
7e6cbf71-67cb-4ee9-94d4-587479c6e2ad,,45.5152,-122.6784,Portland,Oregon,Unknown,,,1,https://www.oann.com/newsroom/multiple-officers-injured-in-portland-after-violent-rioters-attempted-to-breach-ice-facility/,Multiple officers injured in Portland after violent rioters attempted to breach ICE facility,2025-06-21
0a571236-e66c-4902-819e-06a2fee3a78f,,34.0522,-118.2437,Los Angeles,California,Unknown,,,1,https://www.billboard.com/music/music-news/olivia-rodrigo-ice-protests-los-angeles-reaction-1235999714/,Olivia Rodrigo Speaks Out Amid Anti-ICE Protests: ‘LA Simply Wouldn’t Exist Without Immigrants’,2025-06-21
91d896b7-7735-40c8-8a91-2556fc543ca0,,34.0522,-118.2437,Los Angeles,California,Unknown,,,1,https://www.newsday.com/sports/soccer/angel-city-nwsl-los-angeles-immigrants-protests-n95778,NWSL's Angel City wears T-shirts reading `Immigrant City Football Club',2025-06-21
d578392b-d8ac-4c01-a1c3-4804f9871565,,34.0522,-118.2437,Los Angeles,California,Unknown,,,1,https://www.nytimes.com/athletic/6426593/2025/06/14/kike-hernandez-dodgers-immigration-ice-protests/,Kiké Hernández expresses support for immigrants amid protests: ‘This city adopted me’,2025-06-21
cc4f84bb-bfce-44e1-9628-f898a6a17905,,34.0522,-118.2437,Los Angeles,California,Unknown,,,1,https://www.latimes.com/california/story/2025-06-15/latinos-targeted-in-raids-u-s-citizens-detained-indiscriminate-sweeps-home-depot-lots-targeted,"Fears of racial profiling rise as Border Patrol conducts 'roving patrols,' detains U.S. citizens",2025-06-21
750c49c6-bf30-4420-b8d3-854e75b0ad74,,45.5152,-122.6784,Portland,,Unknown,,,1,https://www.foxnews.com/us/multiple-arrests-near-portland-ice-building-after-police-declare-riot,Multiple arrests near Portland ICE building after police declare riot,2025-06-21
12e7dfaa-6de9-47f3-84f3-13056b2e9795,,34.0522,-118.2437,Los Angeles,California,Unknown,,,1,https://www.latimes.com/california/story/2025-06-15/undocumented-families-tackling-kids-questions-ice-raids-deportation,Will mom get detained? Is dad going to work? Answering kids' big questions amid ICE raids,2025-06-21
d9dc30e5-aa20-4f71-b833-6521de95abbb,,34.0522,-118.2437,Los Angeles,California,Unknown,,,1,https://www.latimes.com/california/story/2025-06-15/some-l-a-neighborhoods-clear-out-as-immigration-raids-push-people-underground,L.A. neighborhoods clear out as immigration raids send people underground,2025-06-21
567a8920-0d2e-4915-9969-e8b827df4ff5,,30.4515,-91.1871,Baton Rouge,Louisiana,Unknown,,,1,https://www.inquisitr.com/ice-detains-marine-veterans-wife-at-green-card-interview-9-week-old-baby-separated-from-mother,ICE Detains Marine Veteran’s Wife at Green Card Interview — 9-Week-Old Baby Separated from Mother,2025-06-21
